1,AI芯片解决方案产品经理,经验10年以上,本科及以上,B轮,地平线机器人,"移动互联网,硬件",北京,30k-50k,5794157,"弹性工作,股票期权,精英团队,团队大牛多",海淀区,"通信/网络设备,智能硬件,用户研究,需求分析",1.负责AI芯片及解决方案的产品规划。2.对AI产业趋势，技术路线，竞争对手做持续的深入分析。3.与上下游产业链密切沟通，跟踪客户需求。4.拓展AI芯片的潜在市场，与潜在应用场景。1.研究生以上学历，电子工程、微电子、计算机相关专业。2.10年左右工作经验，有5年以上芯片相关软硬件研发经验。3.有安防行业从业经验。4.熟练的英文口语及书面交流能力。
2,AI高级产品经理,经验3-5年,本科及以上,D轮及以上,出门问问,"移动互联网,O2O",北京,25k-40k,5175950,"人工智能,AI独角兽,ToB业务",海淀区,"商业产品,产品设计,产品策划",岗位职责：1、基于本公司的ai能力与技术优势，挖掘与各行业深度结合的应用场景;2、提供有商业价值的标准化产品解决方案，探索商业化变现途径; 3、能独立负责产品规划及需求评估，完成从产品设计、开发到上线迭代运营的全生命周期产品管理 ;4、有效对接相关业务部 以及企业合作 ，保质保量的推动需求落地、项目交付; 5、持续关注竞品动态与行业发展，可快速完成行业研究、竞品分析。任职资格：1、统招本科及以上学历; 2、有良好的沟通、协调、组织能力 ，项目管理能力 ，以及ppt/ 文字等汇报展示能力; 3、有良好的逻辑思维能力 ，数据驱动分析能力 ，产品抽象能力 ; 4、有较强的市场敏锐度，对商业模式敏感，对互联网 、人工智能等 行业有深入了解; 5、3 以上大型互联网公司产品经验，有过Tob项目经验; 6、有商业化产品、AI产品、Tob产品经验者优先;7、有咨询、研究领域工作经历或能力体现者优先;8、有技术背景优先。
3,AI人工智能-产品经理（AI投顾）,经验3-5年,本科及以上,上市公司,同花顺,"金融,电子商务",杭州,15k-30k,5813984,人工智能 免费中晚餐 健身房 年终奖,余杭区,"产品设计,用户研究,需求分析,用户增长",同花顺-AI人工智能事业部-产品经理/产品总监（AI投顾）1、项目背景：同花顺人工智能投资项目利用自然语言解析、大数据、机器学习等人工智能技术，建立开放高效的投资研究平台。该平台将满足投资者在证券投资研究过程中高效处理信息、快速寻找投资机会的强烈需求；2、项目成果：i问财项目已经上线、目前同花顺的NLP在财经领域的应用已属top、多轮对话日活量几百万等等；3团队背景：目前整个同花顺4000人+，AI人工智能事业部500人+，产品团队不到70人；但是深入理解AI技术并且可以深刻挖掘股民需求的产品leader仍然空缺；岗位侧重点：偏向于业务端的数据分析和产品运营、通过分析客户的行为、问题，挖掘客户的需求，从而对产品做出调整和完善；岗位职责：1、负责智能投顾机器人的产品功能设计，编写产品需求书产品原型，协助开发团队理解和掌握需求，对产品需求方向和易用性负责；2、负责相关产品开发项目周期和进度把控，确保对产品开发至最终上线运营，对进度质量负责；3、负责智能投顾机器人推荐策略应用逻辑开发和设计工作；4、对用户需求、市场需求和业务需求进行调解分析，不断优化产品，提升产品质量。任职要求：1、本科及以上学历，金融、计算机、工业设计相关背景优先；2、了解chatbot和NLP技术，对人机对话和AI技术感兴趣，有了解；3、熟悉金融行业，对金融产品和目标用户有深刻认识和理解，对数据敏感。4、准确识别并深刻理解用户需求，时刻保持敏锐的商业嗅觉，把握用户需求并在产品中实现。5、有创新思维和逻辑思维能力，组织协调能力强，富有责任感。
4,ai产品经理,经验3-5年,本科及以上,B轮,还呗-智能信贷领先者,"移动互联网,金融",上海,20k-30k,5645079,"移动金融,未来金矿,精英团队,助力成长",浦东新区,移动互联网,岗位职责：1、负责客服/CRM相关系统和产品的统筹规划、需求分析和产品设计，持续完善现有产品；2、收集整理来自业务方需求，系统化进行整理与评估，完善需求文档与系统原型图；3、推动与跟进产品的开发、测试和上线；4、行业研究和竞品分析，结合业务实际，制定契合行业发展和公司需求的产品规划；5、产品后续运营，基于数据分析与行业研究，持续优化，提高人效与用户体验。任职要求：1、本科及以上学历，3年以上互联网或软件产品经理经验2、熟练使用office、Axure、Xmind、Visio等需求分析辅助工具；3、有互联网公司或客服系统经验，最好有完整的系统产品研发案例优先；4、丰富的业务分析和需求分析经验，对系统架构及操作流程体验有良好的规划意识；5、有一定的数据分析能力，思路清晰，具备较强的逻辑能力和数据敏感性；6、具备良好的沟通能力、学习钻研能力、团队协作能力，抗压能力强。
5,AI产品经理,经验3-5年,本科及以上,上市公司,润杨金融,"移动互联网,金融",深圳,15k-20k,5728941,"腾讯团队,五险一金,团队活动,朝九晚六",南山区,"大数据,金融,用户研究,数据分析,商业产品",岗位职责：1、负责AI产品的需求、市场及用户调研分析，把握用户需求和行为特点，确定产品功能、流程，制作产品原型设计方案，编写相关产品文档，从制定方案到推进实施全程负责2、与算法、开发工程师、数据供应商沟通、协调，保证产品实施阶段的进度与质量3、与战略部、设计部、市场部等合作部门进行沟通和协调，共同促进产品的优化，推进项目的高效进行4、AI实验室的日常运营，项目经费预算申请和管理，团队建设岗位要求：1、本科及以上学历，计算机、通信、电子、数学、统计等相关专业优先2、3年以上互联网、软件或 IT 相关领域技术产品经理经验，其中至少1年为AI相关从业经验3、有完整的产品落地实施经验，能独立领导整个项目的研发，保证项目的按期交付。4、理解AI行业发展和科技前沿视野，理解机器学习、语音识别&合成、计算机视觉、自然语言处理、机器人等技术环节；5、有项目管理经验(>20人)者优先考虑
7,AI产品经理,经验不限,本科及以上,不需要融资,网新华通,移动互联网,杭州,10k-20k,5196682,"人工智能,产品设计,项目开发",西湖区,产品设计,岗位职责： 1、公司ai产品的项目开发、业务跟进、并负责项目客户沟通、需求分析； 2、根据业务的需求确定产品的原型，并优化业务逻辑和产品设计，优化用户体验； 3、进行产品（人工智能方向）设计、开发和初步运营，合理规划产品迭代步骤； 4、实现产品成果转化，并实现产品的标准化输出；5、负责产品运营以及市场的初步验证，搜集市场反馈并进行产品优化和迭代更新； 任职条件： 1、本科及以上学历，1年以上互联网产品经验，熟悉平台服务产品或C端app产品设计者优先；最好有一定技术背景；有人工智能领域经验佳； 2、独立工作能力强，能主动创新，独立完成需求分析、原型设计、推进开发和产品迭代；3、有很强的执行力和领导力，能合理规划产品方向并与业务有机结合；善于整合资源，推进产品落地； 4、有良好的自我管理能力、学习能力强，抗压性强； 5、对人工智能感兴趣，对新技术、互联网领域有自己独到的见解，有强烈的目标感、责任感；6、有ai产品项目经验者佳；
8,美团点评-AI硬件产品经理,经验5-10年,本科及以上,上市公司,美团点评,"移动互联网,O2O",北京,25k-40k,5101821,技术氛围,朝阳区,人工智能,职责描述：针对AI硬件产品方向进行市场调研、客户访谈、竞品分析，把握产品定位、产品需求和核心价值；定义AI硬件产品形态与功能，与研发团队一起确定合理的技术方案和产品架构，输出完备的产品PRD及相关文档，根据反馈不断优化改进产品；根据产品的需求负责与产品相关内外部合作关系的建立、维护以及相关资源的整合；产品整个生命周期管理，完善产品开发流程，与研发、测试、商务、质量、生产、服务等部门协调，保证产品按计划发布和迭代；产品的认证、编写完整的产品发布资料及相关内外部客户的培训；参与产品的发布和市场推广活动，并制定服务和交付策略； 岗位要求：大学本科以上，计算机、软件、通讯、电子等相关专业；5年以上计算机及ARM等嵌入式硬件产品的设计及管理经验；必须有单品10K级别以上的批量上市经验；对摄像机成像、机电控制、语音采集、语音交互、无线传输、网络通讯等相关硬件技术有深入了解；对计算机视觉、语音识别、语义理解、深度学习等AI技术有一定的了解；至少有服务机器人、人脸识别设备、图像识别设备等产品的设计经验；对产品的PLM生命周期管理有较深入的了解，并完整经历过全生命周期的各个过程；对市场的变化和AI新技术具备高度的敏感性，能够把握技术创新带来的价值和局限，结合用户需求面向市场设计产品；会使用Candence、ProE等绘图工具，数量使用MS Office、Visio、Xmind等基本工具；优秀的沟通能力、团队合作能力、项目推动能力；
9,AI产品经理（高校/教育）,经验不限,本科及以上,未融资,深圳中维世纪,"硬件,数据服务",深圳,10k-20k,5709272,"嵌入式,技术大牛,产品成熟",龙岗区,"教育,产品设计,用户研究,智能硬件","岗位职责：1. 完成教育行业视频应用产品的业务方需求分析、产品规划、功能和原型设计；2. 推动产品的开发与发布，与内外部协调推进，对产品的数据进行分析形成相关结论；3. 负责撰写产品文档、分析报告和汇报材料，对产品进行持续优化和改进；4. 协助市场人员进行产品营销。岗位要求：1．本科及以上学历，熟悉深度学习并有一定的实际项目经验，有互联网教育行业经验,有完整的上线产品经验；与高校有对接经验。2．对人工智能和视频应用处理有深刻的理解、独特的分析和洞察力；3．对市场动态变化敏感，能够快速发现和收集各渠道有价值的信息来源，形成产品需求；4 .对产品和行业有自己独立的分析思考，基于公司优势提出合理建议；5.性格开朗，逻辑清晰，执行力和沟通能力强，能积极主动发现问题和完成任务；6.熟练运用PPT、Excel、Axure、Visio等工具。"
10,北京研发院高级AI 产品经理,经验5-10年,硕士及以上,D轮及以上,思必驰科技,企业服务,北京,30k-50k,5354746,"快速发展的人工智能公司,产品方向非常清晰",海淀区,"产品设计,产品策划,用户增长",岗位职责：l  负责思必驰人工智能NLP相关的技术平台化和工具化的需求分析、市场调研和产品设计；l  规划思必驰人工智能在知识图谱的领域建设，并推动业务落地，如：问答场景 / 相关推荐 / 内容消费等；l  Lead 5人 以内产品经理团队。任职要求：1. 五年及以上的互联网产品工作经验；2. 有NLP、搜索引擎、系统推荐、知识图谱、ChatBot类产品工作经验者优先；3. 对数据敏感，有较强的逻辑能力；对交互设计、用户体验有浓厚的兴趣；4. 有强烈求知欲，对人工智能领域相关技术和产品有热情；
13,AI应用产品经理,经验3-5年,本科及以上,不需要融资,小狗机器人,硬件,北京,20k-30k,4581909,"创业公司,资金充足,弹性工作,发展空间大",朝阳区,产品设计,岗位职责：1、结合公司人工智能技术，负责AI应用的整体规划和设计2、负责AI应用的需求分析、场景化和具象化设计，在此基础上分类不同的AI应用品类3、负责和参与具体AI应用产品从业务调研、需求分析到实现过程、产品发布的整个流程4、负责AI应用在产品移动端、系统端和云平台的整体业务设计、统筹和运营设计，推动并跟踪实现5、负责AI新产品的创新和预研，完成新产品的用户需求定义、产品功能的设计6、提供产品的原形设计，撰写PRD文档，进行交互体验的原形制作7、与研发、测试、运营、传播等相关部门紧密配合，协同跟进产品的设计、测试、上线、宣传及后续改进和迭代等完整生命周期内的相关环节。8、挖掘用户需求及市场反馈，进行用户体验的设计和优化9、协助项目经理制定项目开发计划并跟踪进度，确保项目如期完成，推动产品目标达成和业务指标完成10、跟踪并分析用户数据及行为，为业务发展提供数据分析来源和支撑   任职资格：1、本科及以上学历，3年以上产品经理类工作经验2、热爱互联网，熟悉智能硬件及软件方面产品设计，至少负责过1个以上互联网产品或智能硬件产品的完整设计和管理3、由人工智能领域工作经验优先考虑4、有成熟上线的互联网业务设计经验者优先5、有成熟上线的C端或B端业务设计经验者优先6、熟练使用原型设计工具Axure，MS Office、Visio、MindManager等办公软件7、对热点、新鲜事物的好奇心和敏感度，对创新产品的渴望和追求8、较强的逻辑思维、换位思考能力能准确把握需求，规划产品9、具有较强的书面表达能力和口头沟通能力，能够与客户、开发人员顺畅交流，并独立完成各种文档的编写10、良好的学习能力、团队合作精神、分析判断能力、沟通协调能力，能适应互联网的工作压力
14,AI产品经理,经验3-5年,本科及以上,A轮,图普科技（深度学习图像识别云）,"移动互联网,数据服务",广州,15k-25k,3948289,"人工智能,弹性工作,发展空间大",天河区,产品设计,岗位职责：1. 与公司客户保持良好业务关系，洞察客户业务需求方向，指导公司相应产品线战略方向。2. 对负责产品线进行战略规划，构思产品并制定产品规划路线图。3. 对竞争对手和竞品保持敏感，定期撰写竞品市场报告和功能洞察报告；4. 了解市场需求，客户需求，从各个渠道收集产品反馈，管理产品的需求池；5. 根据需求设计产品，管理开发过程中的需求质量；6. 撰写需求文档与平台原型图，积极与开发团队沟通确保产品需求被准确理解；7. 负责管理用户体验数据，跟踪产品上线后的产品运营，持续改善产品和用户体验。岗位要求：1.计算机相关专业本科以上学历，至少2年或以上互联网公司商业产品策划管理经验，并至少成功策划和运营一款互联网产品；2. 了解人工智能行业产品发展动态及竞争对手的最新动态，有敏锐的市场洞察力，知识范围广阔；3. 有深厚的产品设计思维，深刻理解软件生命周期管理，并对其中每一个环节的工作内容有自己的见解；4. 具备熟练的数据分析，总结能力，能够通过各种运营数据的收集、归纳、分析对产品的设计和运营进行及时的调整及改进；5. 有良好的沟通能力和反馈习惯，有良好的文档写作能力，口头沟通能力，良好的团队合作精神，良好的抽象思维，理性地做出技术决策，具有风险控制意识。
17,AI IPC产品经理,经验不限,本科及以上,C轮,涂鸦智能,"移动互联网,硬件",杭州,15k-30k,5189443,"行业前景好,五险一金,弹性工作,成长空间大",西湖区,"产品设计,需求分析",岗位描述：1.负责视频应用产品线AI产品的规划，输出产品文档，协调内外业务资源，实现产品方案快速落地；2.负责产品的全生命周期管理及有效的迭代计划；3.协同业务、采购部门完成跨团队协作；4.掌握行业技术发展趋势和动向，关注业内产品和技术；岗位要求：1.在视频类产品行业有经验，对图像识别等技术的应用流程有了解；2.熟悉智能硬件产品设计，熟悉了解项目管理流程，能够把控产品项目进度；3.熟悉智能硬件相关的主流软硬件平台及相关技术；4.良好的沟通交流和学习能力，对产品有自己的理解和思考，擅长分析行业趋势与市场动态。
18,ai产品经理,经验3-5年,本科及以上,C轮,字节跳动,"移动互联网,数据服务",北京,15k-30k,5340676,"六险一金,弹性工作,免费三餐,租房补贴",海淀区,"大数据,教育,数据分析,教育",职位要求：1、负责AI相关资源模型、能力模型相关算法的需求定义；2、负责AI赋能教育场景的推荐算法需求分析和产品功能定义； 3、深度分析和挖掘用户行为数据，为改进推荐算法提供依据，不断优化用户体验； 4、配合算法研发同事完成推荐框架设计，制定测评标准与推荐反馈改进机制； 5、配合业务的市场定位、需求分析、功能规划、业务流程设计，输出AI相关的高质量PRD、MRD、和demo。
19,AI产品经理（智能理财、智能...,经验3-5年,本科及以上,C轮,好买基金网,"电子商务,金融",上海,16k-22k,5703802,联想腾讯投后企业,虹口区,"产品设计,用户研究",工作内容：与业务部门及前端互联网产品配合，负责AI （智能理财）的整体产品规划和设计，推动产品的实施和验收 岗位要求1、对人工智能（客服、投顾）产品有一定的认识和了解2、丰富的互联网产品经验3、良好的沟通能力，项目管理能力和执行能力4、自我驱动并有完美意思和追求5、对行业动态有比较深刻的理解6、基本的金融理论知识7、211 本科以上学历
23,AI产品经理,经验1-3年,本科及以上,天使轮,实在智能,人工智能,杭州,20k-40k,5429884,人工智能、跨界赋能、创业团队,余杭区,"产品设计,项目管理,需求分析,商业产品",【岗位职责】1、负责公司核心业务的算法平台、智能决策、智能运筹，等大数据等平台产品的规划设计2、负责AI平台的业务对接落地，抽象不同行业客户业务场景和需求，设计通用智能化方案3、构建公司运营内部工具和系统，支持业务发展和提速4、主导产品规划和设计，结合业务进行创新，提升产品体验5、推动项目实施和上线，把控项目进度，协调各方资源，带来项目团队取得成果【专业要求】1、本科及以上学历，3年及以上产品、项目、研发经验或1年及以上人工智能领域相关经验2、对机器学习、大数据处理、自然语言处理等技术技术有浓厚兴趣，或已具备技术开发功底者优先3、思维活跃、积极主动意识强。团队合作意识强4、乐于交流，具备良好的资源协调能力5、学习能力强，愿意接受挑战，有较强的抗压能力【综合要求】1、自驱力强、志存高远、渴望挑战2、较强的业务理解及解决问题能力、创新意识、沟通能力、团队精神3、可赴杭州全职工作，适应创业文化节奏【公司介绍】「实在智能」（杭州实在智能科技有限公司）是一家新近成立、专注于AI方向大数据智能赛道的创业公司，现已获得数千万元“天使轮”投资。两位创始人分别是原阿里巴巴资深算法专家（CEO）和原中国电信甜橙金融/翼支付副总经理（COO）。创始团队成员均为国内外一线互联网公司核心骨干、硕士及以上学历、在人工智能相关领域拥有超过8年工作经验。公司的愿景是“AI赋能商业”，致力于降低大数据智能应用门槛和成本，提升AI技术接入速度和生产效率，通过AI助力企业实现生产组织模式及业务流程的颠覆式创新和变革。公司基于深度学习引擎打造具备通用、普适及迁移特性的「智能决策助手」、「智能运筹中枢」系列产品，可广泛应用于维权居间类客服、司法评估调解、医疗辅诊、投顾保顾、核保定损、物流调度、工业制造流程优化、公共服务资源配置、“永不缺货”新零售等大规模复杂问题场景。或许你青春逼人，没赶上湖畔花园会议也许你权衡再三，错过了开业的小米粥相信你胸怀锦绣，正寻找下一只独角兽
24,AI产品经理,经验3-5年,本科及以上,D轮及以上,思必驰科技,企业服务,苏州,8k-16k,5814191,快速发展的人工智能公司,吴中区,"产品设计,产品策划",【岗位职责】   1、 将先进前沿的语音技术，落地运用到真实的业务场景中，实现“人工智能即服务”的理念；     2、参与语音产品线的发展规划和阶段性目标，有效建立产品持续优化和改进机制，并协同交互、开发、测试、运营等团队，各相关部门，保障产品体系按计划实施，并达成既定业务目标；3、实时掌握语音新技术、新产品的发展，并思考如何引入，与现有产品功能结合。关注业界竞品，不断探索创新。 4、产品内部协作、人员成长及人才招募相关团队发展工作。 【岗位要求】1、本科及以上学历，2年及以上语音相关产品经理经验；2、有从0到1打造完整的产品体系经验，擅长分析行业趋势与市场动态，具备敏锐的业务触觉和独到的产品见解；3、清晰的逻辑分析和表达能力，乐观积极，具有较强的责任心和执行力。4、热爱学习，眼界开阔，关注业界新兴流行的技术应用，具有创新性的思维和方法。有以下经验优先：1、在大数据、云计算、人工智能等领域内有深入思考和积累，对行业和技术的发展有自己的见解。2、对语音技术的应用价值有较丰富的思考和落地经验，能跟进需求快速产出初步解决方案能力；
25,大数据AI产品经理,经验5-10年,本科及以上,上市公司,明源云链,"移动互联网,企业服务",深圳,18k-36k,4198924,"玩转AI,氛围赞",南山区,"大数据,产品设计","职位定位：隶属于云技术创新中心，事业部合伙人，独立负责产品的规划、设计，有话语权，发展空间大，带领团队打造地产第一大数据。 岗位职责：1、负责大数据AI平台的产品规划，包括数据采集、数据加工、机器学习、人工智能等； 2、关注行业相关方向的前沿研究，并将相关成果快速产品化、商品化, 将创新推向用户；3、跟踪市场动向，分析竞争对手，及时调整市场策略，创新产品；4、持续跟进产品上线后的用户反馈，提出产品改进方案；5、不断探索产品创新点，不断优化打磨产品。 任职要求：1、本科以上学历，5年以上产品工作经验，有大数据平台、人工智能产品（图像、语音识别等）设计经验者优先；2、热爱人工智能，了解行业现状，熟悉热点领域和主要产品形态；3、熟悉机器学习相关算法；4、熟悉BAT等云平台的AI能力；5、产品基本功扎实，具有良好的产品规划能力、业务洞察能力、分析判断能力、学习思考能力，思维敏捷，富有创新精神；6、熟悉产品经理的相关工具，熟练掌握AXURE、MindManager 等软件工具。"
27,资深AI产品经理,经验5-10年,本科及以上,C轮,极链科技Video++,"数据服务,文化娱乐",上海,20k-40k,4963306,"福利健全,独角兽公司,福利年假,大牛团队",黄浦区,"大数据,云计算,需求分析,产品设计",1、关注了解视频领域、文娱领域的发展，紧跟人工智能领域的发展趋势，调研分析对标竞品；2、作为产品线owner，规划和推进核心AI产品线，协调开发、算法、运营等多个部门，推动优化AI产品/技术；3、依托和利用基础AI能力，为应用产品和场景赋能；4、深入了解行业客户，梳理应用场景的需求，依据AI产品/技术，抽象出行业解决方案、策划产品方案。1、计算机、电子、人工智能等相关专业，本科及以上学历；2、5年以上工作经验，2年以上云计算、AI人工智能产品经验，有技术背景和能力者优先；3、了解熟悉AI领域，包括但不限于：视频图像识别处理/人脸识别/机器学习/深度学习等，了解相关算法原理和趋势，和应用场景趋势者优先；4、具备AI技术的快速学习和理解力，对AI新产品和新技术具备强烈的好奇心和研究能力，始终充满热情。五险一金足额缴纳入职满一年增加1天年假 另有全体额外带薪假每月happy hour有厨师有厨房吃自家安全的美食每年旅行每年体检
28,AI产品经理,经验1-3年,本科及以上,不需要融资,木槿科技,数据服务,深圳,18k-25k,5805736,发展前景好、扁平化、晋升空间大,南山区,"云计算,大数据,产品设计,需求分析,SaaS,策略",【岗位职责】1、负责AI平台整体生态的规划和设计，进行全局性和前瞻性布局，同时对产品可交付性负责； 2、将解决方案沉淀成可复用、可配置的灵活平台，降低技术产品复用的成本，提升技术输出效率。并将经验沉淀为方法论，影响和培养团队的平台化产品设计思维；3、独立负责产品规划和需求调研，输出PRD文档和原型设计方案；基于客户的具体业务场景，设计解决方案，推动项目落地；4、在产品预研、开发、发布和迭代的过程中负责各个关联团队之间的交流与合作，确保合作的畅通与高效。 【岗位要求】1、重点学校统招本科及以上学历，理工科背景。2、2年以上人工智能产品或SaaS产品经验，曾有主导平台建设项目的经验，能自主构建清晰的平台与模块架构；3、具备丰富的产品规划和设计经验，对人工智能技术及行业有前瞻性战略思考；4、熟悉行业内人工智能平台、机器学习平台工程实现方案等；5、清晰的逻辑分析和表达能力，乐观积极，具有较强的责任心和执行力；6、对新事物保持强烈的好奇心，有自我驱动能力，乐于分享；公司福利：1、入职即购买社保、公积金2、入职即享有每月举办生日会。3、入职即享有每月策划团建活动  (各种旅游，各种玩，让我们的友谊再升华一下)4、入职即享有下午茶（可以趁这个机会放松一下一整天紧绑的状态哦）5、入职即享有培训、技术交流会，行业大咖交流分享（各部门的轮流培训，能让您更加了解公司业务及公司现状，除此之外还能提升个人技能哦）6、入职即享有节日礼金、开年利是7、享有绩效考核年终奖1-3个月，每年享有1-2次调薪机会8、入职即享有年终大型年会，抽取高额奖品机会。9、入职即享有良好的上升空间，完善的晋升通道。10、还有各种各样的福利，例如：餐补，打车报销等...创始团队来自国内外名校，拥有多年丰富工作经验；股东方资金实力雄厚，无需融资；业内资源丰富，有良好的金融行业合作关系；公司80%以上为技术人员，氛围和谐简单~或许你没有听到过我们，那是因为我们确实很低调，但低调不代表我们没有实力。作为创业公司的我们，拥有多家股东方的支持，有着丰富的业内资源，还有一群有爱团结的小伙伴，正在茁壮成长的我们，希望优秀的你能够早日加入，和我们一起奋勇前进~AI金融科技行业，萌妹纸小鲜肉组合，8090活力团队，值得您加入！
29,AI教育／AI智能实验室方向产...,经验1-3年,本科及以上,不需要融资,百度,"移动互联网,数据服务",北京,15k-28k,5728348,平台大、待遇好,海淀区,"教育,需求分析,智能硬件",工作职责-产品方向基于青少年人工智能教育，与教研团队建立起平台，能独立提出并实现产品服务落地 -配合平台和教材，选型硬件教具并实施落地 -负责基于智能文案生成及面向学校教育平台的产品用户调研，需求分析，竞品分析 -负责平台产品原型设计，撰写产品需求文档 -协调设计、开发、测试团队，管理项目进度，推动项目上线  - 收集、分析运营数据，调整产品策略，推动产品运营推广任职资格-名校本科及以上学历，计算机尤其人工智能方向、计算机、理科方向专业优先，优秀毕业生或3年及以上工作经验 -有硬件产品经历者优先 -善于分析挖掘用户需求，关于管理项目，有产品感觉，注重用户体验 - 熟练掌握Axure， MindJet，UML等原型工具 -充满工作激情，抗压能力强，能够加班、为人正直，自学能力强，执行力强
31,AI教育产品经理,经验3-5年,本科及以上,天使轮,RealAI,人工智能,北京,15k-30k,5515998,扁平化管理/电话补贴/出行报销/包午餐,海淀区,教育,工作职责1、根据公司规划及市场需求打造AI教育产品体系；2、负责AI教育产品模块设计、规划并制定产品开发计划；3、输出需求文档并与技术团队沟通进行开发协调，控制项目质量及进度；4、根据业务数据对产品进行多维度评估，形成分析报告；5、根据市场反馈及竞品分析等对产品进行优化；任职要求1、3年以上教育产品经理相关经验，熟悉或热爱人工智能者优先；2、对市场现有人工智能相关产品及实验平台动态熟悉；3、熟悉软件产品设计流程，有较强的产品文档书写能力；4、较强的逻辑思维能力和沟通协调能力；5、熟悉高校教育体系或企业培训业务者优先；6、熟悉AI教育产品运营者优先。
32,AI产品经理,经验5-10年,本科及以上,A轮,百应科技,企业服务,杭州,20k-35k,5465737,"五险一金,团队气氛好,牛人大咖,快乐工作",余杭区,产品设计,职位职责： 1、能够系统地对高效的工作沟通协作方法或工具进行调研，通过信息加工，多维度评估产品现状和发展方向，提出有竞争力的产品战略设计； 2、抽象用户需求，将需求转化为高品质的产品设计或解决方案，同时发现潜在的产品机会、风险或缺陷，提供决策数据支持； 3、协调产品、研发、设计等同事，参与研发过程，保证产品实现和交付，主导产品设计； 4、跟进用户反馈、关注产品体验的细节，对各产品运营数据进行分析，不断优化和创新，提高用户满意度。 职位要求： 1、统招本科及以上学历，5年产品工作经历；有智能语音产品设计经历的优先； 2、逻辑清晰，喜欢抽丝剥茧，乐于分析事物本质，擅长系统高效地解决问题； 3、乐于设计工具或寻找方法帮助自己或他人改进效率，并关注最终效果，持续优化； 4、具备独立解决问题的能力和方法，具有独立判断能力及决策能力 5、有如下产品工作经历者优先考虑： （1）企业/个人效率工具 （2）知识共享Wiki （3）企业沟通工具 （4）项目管理工具
33,AI-产品经理,经验3-5年,本科及以上,C轮,每日优鲜,"移动互联网,电子商务",北京,15k-25k,5653987,"扁平化管理,晋升空间大,薪资优厚",朝阳区,"电商,项目管理,交互设计,产品设计",岗位职责：1.负责公司智能化服务产品规划、设计与迭代管理；2.根据公司需求，设计可落地的智能产品方案、架构以及运营流程；3.管理与分析业务需求现状，在了解业务本质需求的基础上，通过智能化解决业务痛点；4.负责研究行业领先AI技术，为公司打造适用并且先进的智能化服务能力；5.通过敏捷模式管理产品迭代开发，与业务部门、分析师、开发人员、测试人员及Scrum Master紧密合作；6.编写及维护需求、开发、测试相关文档并设计功能原型，形成有效沟通的桥梁；7.负责协同跨团队的需求、技术以及运营沟通，作为桥梁带动多部门推进工作；任职要求：1.3年以上智能化产品规划、设计、管理、运营经验；2.熟悉市场主流智能化产品的设计、方案、架构以及运营流程；3.极度注重用户使用体验、交互以及产品所有细节，对产品设计有最高要求；4.熟悉互联网大数据，能够理解数据产品的商业模式和产业生态，全面的考虑产品形态和推进方式；5.清晰缜密的逻辑思维，有独立分析调研能力，有热情，富于创新精神，有意愿尝试探索新产品方向；6.具有敏锐的洞察力，对企业用户有个人的分析见解；-良好的沟通技巧、擅长团队内外协调，有力推动，优秀的项目管理能力。
39,ai产品经理,经验3-5年,本科及以上,天使轮,北京远看,"移动互联网,人工智能",北京,20k-30k,5722985,有成功经验的老板二次创业,海淀区,"工具软件,移动互联网,客户端,视频,商业产品,产品策划",岗位描述：1、产品调研：根据公司发展规划，充分调研收集资料。2、产品原型：和相关人充分讨论并形成产品原型。3、组织协作：规划好设计和技术的协作，保证进度。4、优化迭代：数据驱动，bug修复、产品优化，不断对产品迭代。岗位要求：1、细节控！细节控！细节控！2、二类本科及其以上学历。3、至少精通1种产品原型设计软件4、有计算机编程能力者优先5、有大型app产品经验者优先
41,AI产品经理,经验3-5年,本科及以上,上市公司,猎豹移动,"移动互联网,信息安全",北京,20k-35k,5599079,"七险一金,绩效奖金,员工福利,弹性工作",朝阳区,"数据,需求分析,产品设计,智能硬件",岗位职责：1、负责豹小秘不同场景的定制化，负责智能服务产品生命周期的规划、运营、管理；2、挖掘用户需求，优化用户体验，持续提升产品的产品价值和用户体验；3、撰写产品PRD文档、形成原型图。产品文档编写及持续更新；4、产品的市场调研、竞品分析和方向确认、客户需求沟通对接；5、与商务解决方案部门配合，提供有竞争力的基础解决方案；6、参与产品开发过程，能够跟进产品和项目开发的各个环节，把控整体进展和风险；7、协同相关部门制定产品运营、销售及服务计划，打造卓越产品。任职资格：1、本科及以上学历，3年以上智能产品经验优先；2、有出色的学习能力，对人工智能有强烈的兴趣，对用户体验高度敏感，熟悉设计交互优先；3、逻辑感出色，能快速梳理复杂的产品流程并能清晰抽象；4、擅长分析市场，把握行业动态和产品发展方向，了解相关最终客户需求，拥有成功经验者优先；5、能适应高工作强度、有责任心、善于学习，具备良好的合作态度和团队精神。
44,AI解决方案产品经理,经验5-10年,本科及以上,B轮,第四范式,移动互联网,北京,30k-60k,5611094,"人工智能,大牛超多,晋升空间",海淀区,"产品设计,需求分析,数据分析,项目管理",工作职责：1.     负责公司AI场景解决方案产品全生命周期管理，包括参与新产品预研、产品开发、项目管理、产品测试、产品发布、产品维护、产品停产等产品管理工作；2.     负责公司AI场景化方案产品需求挖掘和分析，深入了解市场和用户需求，合理规划产品以满足市场需求；3.     规划所负责产品市场策略，包括产品定位、产品定价、市场营销和产品促销、渠道生态建设等；4.     通过市场营销、销售赋能等手段，推动所负责产品目标的实现； 任职要求：1.     熟悉行业大数据、人工智能应用现状及解决方案，在部分行业有较深的业务和应用理解能力；2.     熟悉行业生态培育方法、合作伙伴管理基本流程及方法；3.     具备2年及以上产品设计经验，能够独立承担大数据和人工智能商业化解决方案产品规划设计实施工作；4.     对技术产品有钻研以及深度的好奇心，能提炼和抽象客户以及行业技术需求，并转化为产品能力，并能前瞻洞察各行业技术发展需求；5.     具备很好的沟通能力、语言表达能力和团队合作精神，自我激励并能独立高效的工作，能适应一定压力；6.     计算机或相近专业本科及以上学历；
45,AI实验室产品经理（腾讯）,经验3-5年,本科及以上,上市公司,润杨金融,"移动互联网,金融",深圳,15k-20k,5731048,"牛人团队,福利多,平台好,学习空间大",南山区,"用户研究,需求分析,产品设计,产品策划",岗位职责：1、负责AI产品的需求、市场及用户调研分析，把握用户需求和行为特点，确定产品功能、流程，制作产品原型设计方案，编写相关产品文档，从制定方案到推进实施全程负责2、与算法、开发工程师、数据供应商沟通、协调，保证产品实施阶段的进度与质量3、与战略部、设计部、市场部等合作部门进行沟通和协调，共同促进产品的优化，推进项目的高效进行4、AI实验室的日常运营，项目经费预算申请和管理，团队建设岗位要求：1、本科及以上学历，计算机、通信、电子、数学、统计等相关专业优先2、3年以上互联网、软件或 IT 相关领域技术产品经理经验，其中至少1年为AI相关从业经验3、有完整的产品落地实施经验，能独立领导整个项目的研发，保证项目的按期交付。4、理解AI行业发展和科技前沿视野，理解机器学习、语音识别&合成、计算机视觉、自然语言处理、机器人等技术环节；5、有项目管理经验(>20人)者优先考虑岗位ID：134
47,AI产品经理（北京）,经验5-10年,本科及以上,B轮,竹间智能科技(上海)有限公司,"移动互联网,其他",北京,30k-50k,3934676,空间大 待遇好 牛人多 老板酷,海淀区,产品设计,工作职责:1、根据业界动态和自身产品定位，分析产品竞争力和问题，并以此为依据调整产品规划；2、分析客户需求和反馈，不断完善和优化产品，提升产品的用户体验，并形成闭环；3、有效和客户，工程和算法团队沟通，推动产品迭代；4、负责产品经理团队的日常管理工作任职资格：1、本科及以上学历，具有连续8年以上的产品经理工作经验并有成功上线产品经验；2、有B端产品经验，数据类产品经验，和AI产品经验优先；3、对人工智能行业充满热情；4、完整的产品能力，包括产品方法论、用户调研、数据分析、产品原型、业务流程、需求文档等；5、出色的沟通、组织协调能力，善于调动团队积极性，执行力强；6、优秀的团队管理能力                        其他说明：1.    项目成员来自国内外名校、世界500强企业，在这里可以与业界技术大牛、商业精英共创AI大业。2.    公司定位金融、电商、互联网、运营商、制造业等行业，在这里你的工作背景和行业经验，将在AI领域最前端技术和产品中得到极致发挥。3.    我们实行扁平化的管理制度，你可以接触到算法大师、产品大牛、研发高手等精英人才，只要你有意愿在这里我们会为你提供更加广阔的职业舞台。4.  丰厚的待遇，开放的工作氛围，期权配股，最具前景的AI企业期待您的加入，共创美好未来。
49,智能硬件-AI语音产品经理,经验5-10年,本科及以上,上市公司,爱奇艺,"广告营销,文化娱乐",北京,30k-40k,5485337,五险一金 带薪休假,海淀区,"产品策划,智能硬件,数据分析",1、负责爱奇艺智能硬件以及OTT大屏产品上，AI语音相关方向的产品规划，包括：用户调研、功能规划、产品需求的定义和输出；2、作为产品方向负责人，能够掌握智能语音领域的行业和产品趋势；3、能够制定OTT大屏产品和相关智能硬件产品上的AI语音的功能规划，并推动协作团队，确定和输出最终的需求文档，完成交互设计；4、持续优化及改进产品，负责准确把握项目目标和周期，与内部研发等合作部门，以及外部合作伙伴等沟通协调，推进项目的顺利进行。 职责要求:1、 计算机/通信/电子工程/机械自动化/工业设计等理工科相关专业，本科以上学历；2、 6年以上工作经验，有管理经验，专注在AI语音硬件产品或APP产品领域；3、热衷尝试各种硬件产品，并有独到深刻的产品见解，有敏锐的市场洞察力；4、熟悉智能语音相关技术和行业趋势，作为产品负责人，实际操盘过AI智能语音相关的产品，包括智能硬件或者APP产品；5、具备独立从需求分析到产品发布全流程的经验，有独立负责产品迭代的项目经验；6、目标导向，高度的责任感，优秀的沟通能力、团队协作能力与抗压力；7、优秀的逻辑思维能力和学习能力.温馨提醒：如果 7 天内您没有收到爱奇艺的面试邀请，那么目前我们不会安排您参加后续的面试环节，感谢您的理解和对爱奇艺的关注与认可。
50,AI硬件产品经理,经验5-10年,本科及以上,上市公司,爱奇艺,"广告营销,文化娱乐",北京,20k-35k,5469757,五险一金 带薪休假,海淀区,"产品设计,智能硬件",职位描述工作职责:–负责硬件产品相关方向的调研、规划、需求的定义和维护–作为垂类产品方向负责人，撰写产品设计、需求文档，持续优化及改进产品，负责准确把握项目目标和周期，与研发等合作部门沟通协调，推进项目的顺利进行–整合产业链上下游可利用资源，帮助AI技术在某些垂类实现产品化落地–推荐产业链优秀投资标的，寻找深度合作伙伴，协助推动重点合作项目落地职责要求:–计算机/通信/电子工程/机械自动化/工业设计等理工科相关专业本科以上学历，工作六年以上，专注在AI语音硬件产品或APP产品领域–热衷尝试各种硬件产品，并有独到深刻的产品见解，有敏锐的市场洞察力–有从需求分析到产品发布全流程的经验，有独立负责产品循环的项目经验–目标导向，高度的责任感，优秀的沟通能力、团队协作能力与抗压力–优秀的逻辑思维能力和学习能力温馨提醒：如果 7 天内您没有收到爱奇艺的面试邀请，那么目前我们不会安排您参加后续的面试环节，感谢您的理解和对爱奇艺的关注与认可。
52,AI平台产品经理（智能交互创新）,经验3-5年,本科及以上,上市公司,京东集团,"电子商务,数据服务",北京,20k-30k,5801354,"发展前景大,业务稳健",朝阳区,"电商,移动互联网,产品设计,交互设计,用户研究,需求分析",1、负责零售场景下用户交互创新产品设计2、能够进行零售场景交互解决方案输出3、零售toC产品有3年以上经验4、对CV、NLP、SPEECH、ML等技术在零售场景的创新应用有一定的经验和激情5、逻辑严谨、思维活跃、性格外向
54,AI产品经理,经验3-5年,本科及以上,未融资,中国教育干部网络学院,"移动互联网,教育",北京,18k-22k,5564001,待遇优厚福利保障技术团队实力强大,大兴区,"教育,移动互联网,产品设计,用户研究,产品策划,教育",岗位职责：1.负责公司在机器学习、语音识别、自然语言处理、计算机视觉等人工智能领域的整体产品规划和设计；2.负责公司各培训产品线的人工智能场景的挖掘、设计和策划及功能设计、原型设计、产品文档编写等；3.负责组织人工智能培训产品相关的市场调研工作，总结梳理用户需求及行业动态；4.负责对在线教育行业进行人工智能产品深入了解分析，打造适合的人工智能产品；5.研究新形式的课堂学习产品，提高学习与教学管理质量，覆盖更多的学习场景，满足各类学习与管理的需求；6.构建并不断完善各培训产品的数据监控体系和数据统计指标，进行数据分析，完善大数据平台建设工作；7.参与制定产品规划，按照公司整体规划，高效并持续迭代优化；任职要求：1.本科及以上学历，计算机、软件工程等相关专业；2.3年及以上互联网产品经验，对在线教育、AI方向有一定经验者优先；3.具有在线教育行业产品经理工作经历者优先；4.具有Web端软件开发设计经验或项目实施支持经验者优先；5.具有较强的学习能力，对用户产品体验敏感，遇到新问题能够快速主动学习并解决。6.了解人工智能领域主流技术框架与应用方向，计算机视觉、语音识别、自然语言处理；7.有百万级及以上体量付费型学习产品从零到一经验者优先；8.有敏锐的观察能力，能够灵活切换用户视角和产品视角；9.清晰缜密的逻辑思维，对数据敏感，善于从数据中发现问题和规律；10.很强的系统化思维能力、执行力、技术理解力、沟通能力和主动总结思考能力；11.有良好的人际沟通和语言表达能力，能很友好引导业务及相关部门进行产品需求收集、分析、讲解、反馈；
55,AI产品经理,经验5-10年,本科及以上,C轮,涂鸦智能,"移动互联网,硬件",杭州,25k-40k,5698968,良好的发展前景,西湖区,"人工智能,算法","岗位职责：1、负责公司AI产品线移动端部署等系统产品设计、架构，设计原型并撰写PRD推动实现上线；2、研究产品发展方向，提出新产品计划，制定和设计用户所需新产品或新功能；3、与相关部门进行密切配合，制定产品运营计划；4、对产品日常运营维护负责，根据用户需求持续改善产品，提升用户体验等；5、引导完成产品界面、功能、流程设计，协调开发人员进行开发，推动及协调产品开发进度，把控项目质量。任职要求：1、本科及以上学历；2、了解人脸门禁等产品；有经验对相关硬件有基本的了解, IPC 镜头 sensor和 ISP 有一定了解；3、对ARM系的SOC 芯片比较熟悉，能做出基本的判断；4、对android ROM系统比较熟悉，了解系统与驱动及硬件的对应关系；5、对图像编程有基本了解，参与过相关视觉的 AI 项目优先；6、有至少2年的安卓系统或嵌入式开发经历;7、有至少2年以上的项目管理经验;8、有很强的沟通和协调能力, 工作细致，要求标准高, 自我驱动力强。"
59,AI产品经理,经验3-5年,硕士及以上,A轮,R2.ai,人工智能,上海,18k-30k,5173159,"AI,机器学习",杨浦区,"其他,BI",1、参与规划和设计公司主体AI产品等模块业务流程和业务功能，形成标准化产品和功能模块。2、参与制定产品创新战略，对接市场需求和产品功能研发，调研和实现落地方案3、统筹产品研发，设计流程和实现方法，对接IT工程化团队及项目经理管理整个产品开放的生命周期4、根据客户反馈编写系统业务需求，跟踪系统开发和投产实施5、编写产品相关管理制度、业务流程、操作手册和制度文档6、配合项目实施团队提供业务支持，包括业务咨询、测试、培训、投产业务指导职位要求：1、硕士及以上学历，数学，统计，数据科学或计算机等相关专业；1.1 强烈的市场意识，了解AI，机器学习商业应用和市场发展状况，并具备竞争情报分析方法和能力2、3年以上软件行业产品经理工作经验，熟悉数据分析，统计分析，机器学习或大数据及金融、大健康，互联网，零售、运营、财会其中至少一项业务领域相关业务流程和系统架构，并有产品设计和实施经验；3、良好的沟通、表达、组织能力和团队合作意识；精通PPT、EXCEL等常用办公软件。4. 具有优秀的跨团队的沟通和领导能力，强烈的客户服务意识，推动成果交付的能力
60,AI产品经理 证券方向,经验3-5年,本科及以上,A轮,智言科技,"数据服务,其他",深圳,15k-25k,5372032,"大牛团队,发展空前大,薪酬福利好",南山区,"产品策划,用户研究,需求分析,企业软件",岗位职责：(1) 参与设计公司金融证券人工智能产品的发展路线图及整体产品结构；(2) 负责金融证券人工智能项目产品的行业调研、市场调研、业务调研、用户调研；(3) 负责金融证券人工智能产品的策划、研发、发布流程及产品生命周期管理；(4) 对国内外金融证券AI技术和市场趋势持续关注，注重创新；岗位要求：(1) 本科以上，1年以上产品策划经验；(2) 对人工智能或者金融科技领域有浓厚的兴趣并有意愿未来若干年在该领域深耕;(3) 具有良好的思维逻辑能力、产品思维和良好的产品管理、交互设计方法；(4) 善于合作协调沟通，思维敏捷，优秀的书面和口头表达能力；(5) 有参与过较成功的金融科技产品和人工智能相关产品的优先;
61,AI高级产品经理,经验1-3年,本科及以上,上市公司,汽车之家,"移动互联网,文化娱乐",北京,20k-30k,4604704,"发展空间大,福利待遇好",海淀区,"汽车,大数据",岗位职责：1，任选NLP、图像、画像标签，行为预测等AI领域，与技术合作，解决业务中实际问题2，把AI能力应用到汽车之家用户访问中，更加智能的解决用户需求3，对所负责的产品线给出产品规划，并驱动团队实现任职要求：1，了解人工智能产品大概原理2，2年以上互联网公司AI相关工作经验3，擅长沟通，主动意识强
63,AI产品经理,经验3-5年,本科及以上,A轮,智言科技,"数据服务,其他",深圳,15k-25k,4490395,"大牛团队,六险一金,成长空简大,扁平管理",南山区,"产品设计,用户研究",岗位职责：1）负责AI产品客户端的策划工作，进行产品需求规划，业务流程设计及产品原型设计；2）负责定期进行产品核心数据挖掘、用户调研以及业内同类产品分析，跟进3）客服行业与AI行业的前沿资讯，形成分析报告；4）制定产品版本计划，协调设计、研发、测试，推动产品的迭代开发进程；5）配合团队对接客户需求，完成需求建设；6）跟进上线运营情况，并持续优化产品；任职资格：1）本科及以上学历，3年以上互联网产品经验，熟练掌握行业分析、用户研究、需求设计、交互设计等相关专业知识和技巧；2）优秀的学习能力和逻辑思维能力，自我驱动，能够快速掌握新领域知识，敏锐洞察客户行业与AI的契合点并迅速规划落地方案；3）熟练掌握Axure、sketch、excel、Visio等工具软件；熟练掌握各类思维与组织协作工具者优先；4）具备专业高效的组织沟通技能，能够迅速组织内部资源高效地解决问题，能够独立与客户进行产品相关沟通并撰写高质量产品文档；具备项目管理资质者优先；5）能够独立负责一款产品/功能从策划到上线的全流程，具备较好的抗压能力5）有智能客服机器人、在线客服或相关项目经验者优先（包括但不限于IM、BI、OA、CRM、KM等）；6）有保险、证券、基金工作经历者优先；工作时间：双休工作地址：深圳南山1号线高新园地铁口
64,AI产品经理,经验3-5年,本科及以上,上市公司,爱奇艺,"广告营销,文化娱乐",北京,15k-30k,5637523,"大平台,团队氛围好,技术牛人多,福利棒",海淀区,移动互联网,岗位职责:1、设计应用场景与产品形态，将AI算法（视频，图像，音频，文本等方向）应用到爱奇艺视频生产，创作，搜索，推荐，广告，电商等产品；2、收集用户需求，分析产品数据，为算法团队提供方向与数据支持。任职要求:1、本科以上学历，3年以上互联网行业工作经验，有人工智能相关产品经验优先；2、了解现代人工智能技术，理解算法的能力与特点，深入了解AI在互联网产品中的应用场景；3、富有创造力和想像力，对产品和用户体验有敏锐观察力；4、善于沟通，执行力强，能独立制定产品运营计划并组织跨团队协作实施；5、数据敏感度高，目标导向。温馨提醒：如果 7 天内您没有收到爱奇艺的面试邀请，那么目前我们不会安排您参加后续的面试环节，感谢您的理解和对爱奇艺的关注与认可。
65,AI产品总监/高级产品经理,经验3-5年,本科及以上,不需要融资,木槿科技,数据服务,深圳,20k-35k,5805725,发展前景好、扁平化、晋升空间大,南山区,"互联网金融,大数据,结构设计,SaaS,需求分析,产品设计",产品总监/高级产品经理【岗位职责】1、负责AI平台整体生态的规划和设计，进行全局性和前瞻性布局，同时对产品可交付性负责； 2、将解决方案沉淀成可复用、可配置的灵活平台，降低技术产品复用的成本，提升技术输出效率。并将经验沉淀为方法论，影响和培养团队的平台化产品设计思维；3、独立负责产品规划和需求调研，输出PRD文档和原型设计方案；基于客户的具体业务场景，设计解决方案，推动项目落地；4、在产品预研、开发、发布和迭代的过程中负责各个关联团队之间的交流与合作，确保合作的畅通与高效。 【岗位要求】1、重点学校统招本科及以上学历，理工科背景。2、3年以上人工智能产品或SaaS产品经验，曾有主导平台建设项目的经验，能自主构建清晰的平台与模块架构；3、具备丰富的产品规划和设计经验，对人工智能技术及行业有前瞻性战略思考；4、熟悉行业内人工智能平台、机器学习平台工程实现方案等；5、清晰的逻辑分析和表达能力，乐观积极，具有较强的责任心和执行力；6、对新事物保持强烈的好奇心，有自我驱动能力，乐于分享；公司福利：1、入职即购买社保、公积金2、入职即享有每月举办生日会。3、入职即享有每月策划团建活动  (各种旅游，各种玩，让我们的友谊再升华一下)4、入职即享有下午茶（可以趁这个机会放松一下一整天紧绑的状态哦）5、入职即享有培训、技术交流会，行业大咖交流分享（各部门的轮流培训，能让您更加了解公司业务及公司现状，除此之外还能提升个人技能哦）6、入职即享有节日礼金、开年利是7、享有绩效考核年终奖1-3个月，每年享有1-2次调薪机会8、入职即享有年终大型年会，抽取高额奖品机会。9、入职即享有良好的上升空间，完善的晋升通道。10、还有各种各样的福利，例如：餐补，打车报销等...创始团队来自国内外名校，拥有多年丰富工作经验；股东方资金实力雄厚，无需融资；业内资源丰富，有良好的金融行业合作关系；公司80%以上为技术人员，氛围和谐简单~或许你没有听到过我们，那是因为我们确实很低调，但低调不代表我们没有实力。作为创业公司的我们，拥有多家股东方的支持，有着丰富的业内资源，还有一群有爱团结的小伙伴，正在茁壮成长的我们，希望优秀的你能够早日加入，和我们一起奋勇前进~AI金融科技行业，萌妹纸小鲜肉组合，8090活力团队，值得您加入！
66,AI产品经理（计算机视觉方向）,经验3-5年,本科及以上,上市公司,京东集团,"电子商务,数据服务",北京,30k-60k,5762329,发展空间 团队技术氛围,朝阳区,"产品设计,用户研究,需求分析",负责线上零售（拍照购、内容审核）和线下零售（如结算台）产品方案设计和对外推广；AI产品经理（内容审核方向）工作职责和要求描述工作职责：·         负责AI平台内容审核及OCR业务的规划和设计，进行全局性和前瞻性布局·         掌握和深入理解现有的AI技术、产品和概念；调研AI技术相关行业场景，能提炼场景需求，把握行业发展趋势 ·         对接内外部客户，能敏锐的挖掘客户的需求和痛点，并独立制定解决策略 ·         联合并协调公司内多个部门，快速高效的推动项目执行 职位要求：·         本科及以上学历，三年以上产品经理经验·         对AI技术特别是计算机视觉技术有较为全面的客观认识和理解，有计算机专业或机器学习专业背景或从业经历优先 ·         具有高效的信息获取能力和分析能力，能快速洞察和分析场景/行业；有较强的产品规划、产品需求分析、文档撰写和分析总结能力·         做事踏实务实，认真仔细，追求精益求精
68,AI产品经理,经验3-5年,本科及以上,A轮,创新奇智,移动互联网,北京,22k-40k,5137015,"七险一金,周末双休,TO B,场景落地",海淀区,"金融,硬件制造,产品设计",职位描述：1、基于公司战略方向，打造标准化AI产品解决方案2、独立负责产品规划及需求评估，完成从产品设计、开发到上线迭代运营的全生命周期产品管理3、有效对接相关业务部门以及企业合作，保质保量推动需求落地、项目交付;4、持续关注竞品动态与行业发展，可快速完成行业研究、竞品分析任职资格：1、  统招本科及以上学历（985、211院校优先）2、  2年以上大型互联网公司产品经验，有To-B项目经验，技术背景优先3、  有良好的沟通、协调、组织能力，项目管理能力及汇报展示能力4、  有良好的逻辑思维能力，数据驱动分析能力，产品抽象能力5、  有较强的市场敏锐度，对商业模式敏感，对互联网、人工智能等行业有深入了解
69,AI IPC 产品经理 (MJ000061),经验5-10年,本科及以上,D轮及以上,商米科技,O2O,深圳,28k-40k,5607098,IOT 快速发展,南山区,"产品设计,用户研究,商业产品,智能硬件",工作职责:任职资格:无线产品部是商米全面实施建设全球一流商业物联网品牌战略下诞生的部门。产品线涵盖IoT网络覆盖、电子价格标签、AI摄像头、智慧商业显示等，以及正在持续建设硅谷AI Lab团队、上海研发中心团队、深圳研发中心团队，业务涵盖商业网络通信覆盖、商业数字化、Sunmi Brain商业大脑、商业智慧显示等。技术领域面向未来商业应用场景，无线产品部在芯片、深度学习算法、大数据实时分析挖掘等方面正加大布局投入。应用领域除了典型的物联网产品、边缘计算产品之外，还开发了用户终端的移动应用产品，进一步完善场景化服务能力，并导入更多的增值业务。
71,美团点评-AI软件产品经理,经验5-10年,本科及以上,上市公司,美团点评,"移动互联网,O2O",北京,25k-40k,5101835,技术氛围,朝阳区,人工智能,职责描述：针对AI产品方向进行市场调研、客户访谈、竞品分析，把握产品定位、产品需求和核心价值；定义AI软件的形态与功能，与研发团队一起确定合理的技术方案和产品架构，输出完备的产品PRD、原型及相关文档，根据反馈不断优化改进产品；根据产品的需求负责与产品相关内外部合作关系的建立、维护以及相关资源的整合；把控产品开发进度，完善产品开发流程，与研发、测试、商务、质量、生产、服务等部门协调，保证产品按计划发布和迭代；编写完整的产品发布资料及相关内外部客户的培训；参与产品的发布和市场推广活动，并制定服务和交付策略； 需求要求：大学本科以上，计算机、软件、通讯、电子等相关专业；5年以上应用软件及平台软件的设计及管理经验。必须在ARM、MIPS等嵌入式平台有实际产品经验；对软件产品的Scrum、瀑布等开发模式和进程管理有较深入的了解，并经历过全生命周期的各个过程； 熟练掌握MS Office、Visio、Axure、Xmind等产品工具；对计算机视觉、语音识别、语义理解、深度学习、数据分析等AI技术有一定的了解；对tensorflow、Caffe等算法有初步了解；至少有服务机器人、人脸识别设备、图像识别设备等产品的设计经验；对市场的变化和AI新技术具备高度的敏感性，能够把握技术创新带来的价值和局限，结合用户需求面向市场设计产品；优秀的沟通能力、团队合作能力、项目推动能力；
72,AI IPC高级产品经理,经验5-10年,本科及以上,C轮,涂鸦智能,"移动互联网,硬件",杭州,30k-50k,5230510,"行业前景好,精英团队,弹性工作,五险一金",西湖区,"产品设计,需求分析,交互设计,数据分析",岗位描述：1.负责视频应用产品线AI产品的规划，输出产品文档，协调内外业务资源，实现产品方案快速落地；2.负责产品的全生命周期管理及有效的迭代计划；3.协同业务、采购部门完成跨团队协作；4.掌握行业技术发展趋势和动向，关注业内产品和技术；岗位要求：1.在视频类产品行业有经验，对图像识别等技术的应用流程有了解；2.熟悉智能硬件产品设计，熟悉了解项目管理流程，能够把控产品项目进度；3.熟悉智能硬件相关的主流软硬件平台及相关技术；4.良好的沟通交流和学习能力，对产品有自己的理解和思考，擅长分析行业趋势与市场动态。
73,AI产品经理,经验3-5年,本科及以上,D轮及以上,出门问问,"移动互联网,O2O",北京,20k-30k,5081771,"人工智能,弹性工作,谷歌风格",海淀区,"产品设计,产品策划,需求分析",岗位职责：1、基于本公司的ai能力与技术优势，挖掘与各行业深度结合的应用场景;2、提供有商业价值的标准化产品解决方案，探索商业化变现途径; 3、能独立负责产品规划及需求评估，完成从产品设计、开发到上线迭代运营的全生命周期产品管理 ;4、有效对接相关业务部 以及企业合作 ，保质保量的推动需求落地、项目交付; 5、持续关注竞品动态与行业发展，可快速完成行业研究、竞品分析。任职资格：1、统招本科及以上学历; 2、有良好的沟通、协调、组织能力 ，项目管理能力 ，以及ppt/ 文字等汇报展示能力; 3、有良好的逻辑思维能力 ，数据驱动分析能力 ，产品抽象能力 ; 4、有较强的市场敏锐度，对商业模式敏感，对互联网 、人工智能等 行业有深入了解; 5、3 以上大型互联网公司产品经验，有过Tob项目经验; 6、有商业化产品、AI产品、Tob产品经验者优先;7、有咨询、研究领域工作经历或能力体现者优先;8、有技术背景优先。
74,AI产品经理,经验3-5年,本科及以上,上市公司,恒信东方,"移动互联网,文化娱乐",北京,20k-35k,5760891,氛围活跃 产品上升期,东城区,"教育,产品设计,交互设计",职责描述：1、负责儿童互动娱乐平台人工智能相关功能产品设计、产品效果把控；2、负责平台人工智能产品开发管理。任职要求：1、5年以上互联网工作经验，3年以上产品经理工作经验；2年以上人工智能类产品设计经验；2、精通产品开发软件，VISO，OFFICE，AXURE，思维导图等；3、逻辑清晰、善于团队合作与交流；4、具有一定的项目开发管理经验。
75,资深AI/数据产品经理,经验3-5年,本科及以上,D轮及以上,途虎养车网,移动互联网,上海,35k-60k,5577287,"5A办公室,公司氛围好,发展空间大",闵行区,产品设计,岗位职责：1. 负责智能客服、用户画像等AI、ML领域产品落地，解决业务中实际问题。2. 深入了解业务场景，和业务团队密切合作，选择合适的切入点，切实提升运营效率。任职要求：1. 了解人工智能产品原理，对其抱有强烈兴趣。2. 2年以上互联网公司AI、数据挖掘、机器学习相关工作经验。3. 有产品owner意识，有主见，数据驱动，结果导向。4. 产品基本功扎实，有能力分步落地一个复杂产品，具产品管理及0到1的产品落地及推广经验。5. 思路清晰，逻辑性强，学习能力强，擅长创造性解决问题并具备高度执行力
77,AI产品经理-L00581,经验3-5年,本科及以上,上市公司,京东数字科技,金融,北京,20k-40k,5488125,"班车,餐补",大兴区,产品设计,职责描述：1、负责面向城市大数据的AI平台整体生态的规划和设计，进行全局性和前瞻性布局；2、将智能城市解决方案沉淀成可复用、可配置的灵活AI平台，降低技术产品复用的成本，提升技术输出效率。并将经验沉淀为方法论，影响和培养团队的平台化产品设计思维；3、参与平台体系化建设及解决方案设计：驱动公司内外业务进行合作，基于客户的具体业务场景，设计解决方案，推动项目落地；4、在产品预研、开发、发布和迭代的过程中负责各个关联团队之间的交流与合作，确保合作的畅通与高效。任职要求：1、了解机器学习等原理及智慧城市应用场景，熟悉行业内人工智能平台、机器学习平台工程实现方案；2、具备平台化sense，曾有主导平台建设项目的经验，能自主构建清晰的平台与模块架构；3、有计算机、人工智能等相关教育背景或项目经验；4、有优秀的沟通协调能力，一定的技术能力，善于资源整合并能够快速落地；5、在AI等领域的B2B企业担任相关岗位实战经验，有AI企业任职经验值优先。
78,AI产品经理,经验3-5年,本科及以上,不需要融资,海王集团,"电子商务,医疗健康",深圳,15k-20k,5621999,发展前景大 团队氛围好,南山区,"医疗健康,产品设计,用户研究,需求分析",岗位职责：1、负责集团智能对话机器人（医药健康）及相关互联网产品的设计工作；2、负责集团各互联网产品文档的定义和撰写、推进功能迭代；3、与技术团队一起从工程和算法的角度优化智能服务机器人模块，提升机器人的智能化程度，拓展机器人应用场景；4、快速更新和调整产品策略，并及时推进落地，保证产品在行业内的市场竞争力和领先地位。任职要求：1、本科及以上；计算机、软件工程等专业，工科类；2、3-5年以上互联网C端产品经验，有算法技术背景；3、有智能语音交互、语义理解、智能终端交互等类似产品设计经验；4、熟练掌握一门开发语言（Python优先）；熟练运用PPT、Excel、Axure、Visio等工具；5、逻辑清晰，执行力和沟通能力强，能积极主动发现问题和完成任务。
79,ai产品经理,经验1-3年,本科及以上,B轮,国音智能科技  SpeakIn,移动互联网,上海,15k-25k,5721460,"大牛多,人工智能,IDG领投,技术创新",浦东新区,"企业服务,产品设计,项目管理",职位描述：1.  关注行业相关方向的前沿研究，挖掘人工智能技术在企业业务中的价值，并将相关成果快速产品化、商品化；2.  跟踪市场动向，分析竞争对手，找出产品价值点，输出分析报告。3.  协助算法负责人，产品负责人，根据算法需求，制定产品的规划、阶段性目标的制定、产品设计和管理。4.  沟通售前咨询团队，售前团队，结合市场和项目的需求，总结算法需求文档。5.  跟进算法、产品研发的各个环境，并输出行业解决方案和算法能力白皮书。任职资格：1. 本科学历及以上，2年左右相关工作经验；2. 熟悉 toB 业务模式并有较深刻的理解，对人工智能有一定的了解，熟悉产品运营或产品设计，有很好的产品分析、总结归纳能力；3.担任过一款实际落地产品的产品经理，有声纹、图像、语音产品设计工作经验优先；4.出色的表达、沟通、问题分析、随机应变等综合能力，文档写作和产品原型表现能力；5.良好的沟通协调能力和团队合作意识，能够主动总结和分享自己的知识和经验；6.有极强的逻辑抽象能力，思维敏捷，能从复杂的业务场景中找到关键点并总结归纳；7.了解创业公司的风险和挑战，抗压能力强，能在解决问题过程中找到乐趣，和公司共同成长。
80,AI（图像识别）产品经理,经验1-3年,本科及以上,C轮,欧拉网络,移动互联网,北京,20k-40k,5411353,"福利完善,发展空间,氛围轻松,餐补",朝阳区,"社交,视频,手游,客户端,移动产品/APP",【工作职责】1、参与垂直领域业务的AI解决方案的用户调研、产品功能规划及推进落地，能较好提炼场景需求；2、连接算法技术、平台技术等团队，具备和技术良好沟通的能力，并制定相应合作机制流程。【岗位要求】1、热爱产品经理工作、相信并喜爱AI方向，有激情；2、逻辑思维和结构化思维能力较好，做事认真细致，有出色的问题拆解及解决能力和很好的时间管理能力；3、扎实的产品设计功底，熟练visio、axure、墨刀、xmind、ppt等产品经理常用工具；4、抗压能力强，自驱力强，学习能力强，执行力好，卓越的跨部门沟通协调能力。5、加分项：热爱技术，AI相关的技术岗转产品岗优先；对图像识别技术相关知识有了解，有计算机专业或机器学习专业背景或从业经历优先。
81,AI硬件高级产品经理,经验3-5年,本科及以上,不需要融资,小狗机器人,硬件,北京,25k-35k,4581930,"创业公司,资金充足,弹性工作,发展空间大",朝阳区,"硬件制造,产品设计",AI硬件高级产品经理（1名） 岗位职责：1、负责人工智能硬件业务方向调研、梳理、探讨和规划，并在此基础之上建立相应硬件产品形态的构想和设计，制定具体品类产品线的总体规划2、负责产品线内具体产品的硬件形态、整体功能和业务需求设计3、与研发和供应链部门协同，负责产品硬件方案提供商、主要器件选型、性能参数分析等关键要素的决策4、参与产品从业务调研、需求分析到实现过程、产品发布的整个流程5、负责新产品的创新和预研，完成新产品的用户需求定义、产品功能的设计6、提供产品的原形设计，撰写PRD文档，进行交互体验的原形制作7、与研发、测试、运营、传播等相关部门紧密配合，协同跟进产品的设计、测试、上线、宣传及后续改进和迭代等完整生命周期内的相关环节。8、挖掘用户需求及市场反馈，进行用户体验的设计和优化9、协助项目经理制定项目开发计划并跟踪进度，确保项目如期完成，推动产品目标达成和业务指标完成10、跟踪并分析用户数据及行为，为业务发展提供数据分析来源和支撑   任职资格：1、本科及以上学历，3年以上产品经理类工作经验2、热爱互联网，熟悉智能硬件及软件方面产品设计，至少负责过1个以上互联网产品或智能硬件产品的完整设计和管理3、由人工智能领域工作经验优先考虑4、熟练使用原型设计工具Axure，MS Office、Visio、MindManager等办公软件5、对热点、新鲜事物的好奇心和敏感度，对创新产品的渴望和追求6、较强的逻辑思维、换位思考能力能准确把握需求，规划产品7、具有较强的书面表达能力和口头沟通能力，能够与客户、开发人员顺畅交流，并独立完成各种文档的编写8、良好的学习能力、团队合作精神、分析判断能力、沟通协调能力，能适应互联网的工作压力
82,AI产品经理,经验3-5年,本科及以上,D轮及以上,掌门1对1在线教育,"移动互联网,教育",上海,15k-30k,4555486,"行业发展,技术氛围,在线教育,个人发展",虹口区,"教育,产品设计,教育","职位诱惑：行业平台,个人发展,在线教育,行业大咖职位描述：【职位描述】：1. 负责在线教育平台教学、教研管理、AI题库等关键产品线的产品设计工作；2. 完成所负责产品线的业务规划、功能逻辑设计、竞品分析、体验设计、产品实施、效果分析，协调产品开发、测试进行迭代优化和问题评估；3. 收集、理解分析、引导和转化业务部门需求，以形成产品或解决方案；4. 负责重点项目需求调研、需求分析和产品方案设计，负责完成和业务/开发/测试等角色的rp/prd Review；负责推进产品迭代和产品进度；5. 执行UAT验证，跟踪上线产品的市场效果、用户反馈，收集和主动挖掘改进需求，根据业务需要持续改进产品，提升用户体验。【任职资格】1. 全日制硕士及以上学历，统计、数学、AI、计算机等相关专业优先；2. 3年以上产品经理工作经验，大型互联网、在线教育行业优先；3. 卓越的逻辑思维与分析能力，对知识图谱、精准化推荐算法、机器学习有经验者优先；4. 工作积极主动，执行力高，能承受一定的工作压力，协调能力强。工作地址上海 - 虹口区 - 四平路 - 4/10号线海伦路地铁站 1号口出站即到 金融街 D座6楼"
83,搜狗明医-医疗AI产品经理 (...,经验5-10年,本科及以上,上市公司,搜狗,"移动互联网,数据服务",北京,25k-45k,5728065,AI项目,海淀区,"医疗健康,产品设计",项目介绍：基于搜狗的核心搜索技术以及领先的人工智能技术（语音、计算机视觉、NLP、医疗知识图谱等），与医生、人工智能算法工程师一起，研发AI智能问诊、分诊工具，助力医生提高服务效率职位诱惑：战略重点项目，AI医疗前沿工作职责：1、负责AI问诊、分诊的产品设计和管理；2、与医生、算法工程师紧密配合，设计出实用的AI产品。3、关注互联网医疗行业动态，及时收集及分析竞争对手信息；4、深入研究患者使用习惯，设计符合生活场景的交互，并带领技术与设计同事共同交付使用。5、根据数据反馈，持续改进产品6、从医生调研、用户调研与数据中提出新方向任职资格：1、本科及以上学历，计算机或相关专业优先，三年及以上产品设计经验；2、有医疗相关产品经验者优先；3、熟悉医疗、政企行业，进行域趋势研究和调研，支持维护内外战略合作伙伴商业关系；4、对内与外重大合作项目做规划和辅助执行
84,高级AI产品经理（技术） (MJ0...,经验1-3年,本科及以上,D轮及以上,一起科技,"移动互联网,教育",北京,20k-40k,5780796,福利待遇,朝阳区,"教育,交互设计",工作重点：-负责AI产品和相关项目管理工作-协调设计、开发人员，完成交互视觉设计、产品开发、测试、上线等相关工作-独立推动多业务条线、算法、市场等部门，确保现有产品的准时、高质量迭代-挖掘用户需求，梳理新产品方向和功能定义，从0到1推动新产品的上线职责要求:-本科以上学历，3年以上产品、1年以上团队管理经验；有教育、人工智能经验者优先-能独立掌控产品全流程，包括需求调研、功能设计、用户数据分析、迭代优化等-敏锐的洞察力，挖掘用户痛点，准确定位新产品方向-优秀的沟通与团队协作能力，善于跨部门合作，推进项目的落地-优秀的分析问题、解决问题的能力，自主学习能力强-期望通过AI技术改善现有教学，对改进中国教育有强烈意愿者优先
86,AI产品经理（非零SZ）,经验3-5年,本科及以上,上市公司,平安金服,"金融,数据服务",深圳,25k-50k,5730054,"福利好,奖金多,技术牛人多,平台大",福田区,产品设计,职责：1、参与金融领域人工智能项目，包括但不限于人机对话系统、知识图谱、智能搜索等； 2、管控AI产品交付流程； 3、完成领导交办的其他任务。要求：1、 本科及以上学历，计算机、数学、统计等相关专业； 2、 对人工智能领域的基础理论和技术有一定了解； 3、 对人工智能技术有强烈的热情，沟通能力强、善于倾听，有较强的责任心，积极向上的工作态度，良好的团队协作精神； 4、熟悉主流产品原型设计工具； 5、具备3年以上人机对话、自然语言处理、智能推荐等实际项目经验。
87,产品经理（CRM）,经验3-5年,本科及以上,B轮,还呗-智能信贷领先者,"移动互联网,金融",上海,15k-30k,5647916,"移动金融,未来金矿,精英团队,助力成长",浦东新区,移动互联网,岗位职责：1、负责客服/CRM相关系统和产品的统筹规划、需求分析和产品设计，持续完善现有产品；2、收集整理来自业务方需求，系统化进行整理与评估，完善需求文档与系统原型图；3、推动与跟进产品的开发、测试和上线；4、行业研究和竞品分析，结合业务实际，制定契合行业发展和公司需求的产品规划；5、产品后续运营，基于数据分析与行业研究，持续优化，提高人效与用户体验。任职要求：1、本科及以上学历，3年以上互联网或软件产品经理经验2、熟练使用office、Axure、Xmind、Visio等需求分析辅助工具；3、有互联网公司或客服系统经验，最好有完整的系统产品研发案例优先；4、丰富的业务分析和需求分析经验，对系统架构及操作流程体验有良好的规划意识；5、有一定的数据分析能力，思路清晰，具备较强的逻辑能力和数据敏感性；6、具备良好的沟通能力、学习钻研能力、团队协作能力，抗压能力强。
88,AI产品经理,经验3-5年,本科及以上,B轮,鸟瞰智能,人工智能,杭州,15k-25k,4924760,"项目提成,年终奖金,五险一金,定期团建",余杭区,智能硬件,"岗位职责：1.总体负责公司AI产品线，具体包括产品立项、产品应用场景设计、研发阶段审核、产品试产、产品投放市场等总体计划，并对所负责项目进度和项目质量负责；2.负责对接定制化客户需求，输出需求文档并落地直至产品交付；3.负责AI产品线的收入/利润；4.对项目的进展情况、阶段性成果，关键里程碑任务的完成情况做定期和及时汇报；对用户体验和效果负责；5.对项目已出现的问题和项目潜在的问题进行及时沟通，组织相关人员解决处理，提出备选方案，并跟踪执行情况；6.主持项目结束总结，包括，项目概述，总结项目目标实现情况，项目实施过程回顾、分析，总结项目出现的问题和经验教训。岗位需求：1、本科及以上学历，3年以上纯互联网公司产品设计、运营经验，对移动互联网产品和用户有深刻认识和理解,有AI产品经验；2、有敏锐的洞察能力，严谨的思维和分析能力并具备一定的技术理解能力；3、对工作充满热情，富有创新精神，能承受较大的工作压力；4、有强烈的学习欲望，具备踏实、主动的工作态度和高效的执行力；5、有B端，ＡＩ，金融行业，SaaS平台项目经验。6、有项目研发管理经验优先考虑。"
89,初级AI产品经理,经验1年以下,本科及以上,不需要融资,云孚科技,"企业服务,移动互联网",北京,6k-12k,5442904,五险一金、发展空间大、技术大牛带,海淀区,"产品设计,产品策划,用户研究,需求分析",岗位职责：1、结合公司人工智能技术，负责AI应用的业务调研，需求分析，整体规划到实现过程、产品发布的全过程2、负责AI新产品的创新和预研，完成新产品的用户需求定义、产品功能的设计，撰写PRD文档，进行交互体验的原型制作3、与研发、测试、销售等相关部门紧密配合，协同跟进产品的设计、测试、上线、宣传及后续改进和迭代等完整生命周期内的相关环节4、挖掘用户需求及市场反馈，进行用户体验的设计和优化5、协助项目经理制定项目开发计划并跟踪进度，确保项目如期完成，推动产品目标达成和业务指标完成 能力要求：1、沟通和表达能力强，能与团队进行高效率协作，并独立完成各种文档的编写2、逻辑性强，有成熟的产品上线全过程经验和项目管理经验，能跟进设计、研发、测试等业务全环节3、1年以上产品工作经历，理工科背景优先4、有人工智能领域工作经验，或有成熟上线的C端或B端业务设计经验者优先5、有激情，责任心强，对人工智能有浓厚兴趣
90,AI产品经理,经验3-5年,本科及以上,B轮,狗尾草智能科技,"移动互联网,O2O",深圳,15k-25k,4056084,"年终多薪,项目奖金,车补餐补,旅游体检",南山区,"产品设计,产品策划",工作职责：1.主要负责情感机器人和多角色聊天机器人的规划；2.产品版本迭代管理，产品功能定义，编写PRD文档，业务流程设计，原型设计；3.制定产品实施计划，协调UI、研发、测试，推动产品的开发进程；4.负责竞品分析和市场需求挖掘，探索新的商业模式与确定新产品的方向。资格要求：1.本科及以上学历；2.2年以上产品相关经验，有人工智能类聊天机器人产品开发经验者优先。福利待遇：1.我们关注你的付出与回报：提供具有竞争力的薪酬：薪酬行业中上等，每年两次调薪机会，总有一次属于你！项目奖金：代码写的好辛苦，项目奖金送给你！全勤奖：都是上进好青年，只要全勤就有钱，买几天下午茶，吃一月个的早点，还是可以滴！2.我们关注你的健康与心情：五险一金：入职即购买，不交五险一金的公司都是耍流氓！带薪假期：每年5天外加司龄年假，在放假这件事上，我们绝不亏待自己！餐补车补：加班有饭吃，加班有车打。加班心疼自己，公司更心疼你！水果下午茶，24小时零食饮料：每逢佳节胖三斤，在这你能胖八斤！前方高能，减肥慎入！每周体育活动，月度活动经费：既要好好工作，又要强身健体，当然还有高频的团建活动等着你！年度旅游：带你玩，我们是尽兴的！年度体检，入职体检费用报销：关注你的健康，我们也是认真的！3.我们关注每一个与你有关的重要日子：节日礼品：端午中秋冬至圣诞春节，咱们自己的节日，都有礼！琥珀生日也有惊喜！礼金：结婚生娃，你的各种大事，我们都参与！4.我们关注您的成长与发展：技术培训、业务交流，内部分享：大好青春要努力，只要你好学上进，公司给你交学费！图书购买：热爱学习支持你，需要什么别客气！
5,智能硬件产品经理,经验3-5年,本科及以上,上市公司,清鹤科技,移动互联网,上海,10k-15k,5660653,"准IPO、能力快速提升,绿色通道发展",浦东新区,智能硬件,"1、有高度的责任感和事业心，独立负责酒店客控项目施工的全面工作2、主持项目现场勘察、方案制定、实施计划、安装调试、验收交接和售后技术支持等，独立负责、有序执行3、负责酒店项目方案设计、招标施工方案编制、产品安装调试，指导现场施工和技术指导4、负责项目的需求梳理、研发、供货、施工进度把控和资源调配5、负责公司酒店客控产品研发、测试、实施过程中的技术支持工作。如方案设计、功能测试、文档整理、图纸绘制等6、制定技术更新、工程简化计划，抓好技术革新、技术改造工作，并组织实施。任职条件：1、本科以上院校电子应用、电气自动化、物联网等理工科专业毕业；2、从事过智能照明、智能家居、智能客房控制系统等智能化系统相关管理工作2年以上经验，且善于与客户交流者优先3、能独立完成楼宇智能化、一卡通、门禁、监控等各类系统的方案设计、CAD制图，熟练电气规范和布线标准。4、具有较强的合约处理能力,对招标工作组织流程、合同条款熟悉；5、具有售前技术支持工作经验，有能力管理整个项目的施工（工作量评估，人员安排，材料跟进）。6、对产品设计有一定了解。"
7,产品经理,经验3-5年,本科及以上,未融资,上海小牛互娱智能科技有限公司,移动互联网,上海,25k-30k,5808211,年终奖,浦东新区,"需求分析,金融",工作职责:1、 熟悉信贷产品整体实现过程，包括从需求分析到产品发布；2、 负责互联网金融信贷系统的产品规划、产品设计、实施路线；3、撰写市场分析文档（MRD）、需求文档（PRD）、产品盈利测算模型，协助研发团队理解和掌握需求，协调各方资源，快速、高效推进产品项目进度；4、与资金、运营、风控、财务等部门配合，推进产品推广市场，完成产品既定目标。5、 监控产品效果，收集内外部用户反馈，挖掘用户需求，实现产品持续优化。任职资格:1、 本科或以上学历，5年以上相关工作经验，精通互联网业务经营和管理，至少有1款自己主导的完整的信贷产品工作经验。2、熟悉互联网金融信贷行业现状及其发展趋势，拥有在银行、小贷公司、p2p平台、消费信贷公司的实操经验。3、较强的逻辑分析能力和文档书写能力，能够透彻的分析和规划金融交易产品结构和产品流程；4、熟悉产品实施过程，包括市场分析、需求分析、产品功能设计、业务流程设计、开发测试及发布流程等；5、具有优秀的沟通能力和团队协作精神，富有工作激情，具有强烈的创新欲望和责任感，能承受较强的工作压力。
14,资深产品经理,经验3-5年,本科及以上,B轮,CreditX,"金融,数据服务",上海,15k-20k,4373673,"精英团队,股票期权,弹性工作,餐补零食",黄浦区,产品设计,岗位职责：负责金融信贷解决方案产品的规划和策划，包括设计、项目开发管理和推广工作结合AI新技术，推动风控解决方案产品的研发工作，进行部门内和跨部门的沟通负责与销售，市场，运营进行有效信息沟通、协调、共同促进产品的开发任职要求：本科及以上学历，计算机、金融等相关专业者优先，3年以上产品工作经验具有良好的客户沟通能力，探索和提炼核心需求具备整合不同组织资源，领导跨部门合作开发产品的能力优秀的沟通和交往能力，曾管理公司内部产品的销售、运营计划，并具备在业界推广产品的能力具备数据敏感性和数据分析能力、较强逻辑分析，并具有良好分析判断能力加分项：参与或管理过大型互联网产品开发与发布等经验优先具有金融行业风控工作经验优先具备机器学习、数学建模或模型应用的相关专业背景或工作经验者优先
15,产品经理,经验5-10年,本科及以上,B轮,还呗-智能信贷领先者,"移动互联网,金融",上海,25k-50k,3993162,"移动金融,未来金矿,精英团队,助力成长",浦东新区,"电商,金融,金融,电商",岗位描述：业务规划，对模块业务整体规划。需求撰写及需求质量把控：负责需求的撰写和组内产品经理的需求质量把控。迭代管理：对需求迭代进行质量与速度的把控，推进功能上线。数据分析：能够对自己的业务功能进行快速有效地数据分析，并得出结论，指导后续需求安排。其他日常工作：包括解决客服反馈的问题并高效处理等。岗位要求：本科及以上学历，5年工作经验。责任心极强，对产品和工作高度负责，对问题有跟踪到底的态度。负责过相对独立的业务模块，熟悉岗位描述中所陈列的各项职能，并能够高效的完成。对数据敏感，做过完整的数据分析报告，并从中得出有益的结论。熟练掌握各种数据分析方法及工具（SQL基础尤佳）。有在网易系企业、美团点评、京东金融等大型互联网企业从业经验的产品经理优先。
33,助力车产品经理,经验3-5年,本科及以上,D轮及以上,哈啰出行,"移动互联网,硬件",上海,18k-36k,5021422,"14薪,E轮,期权奖励",闵行区,"移动产品/APP,产品设计,O2O,客户端",岗位职责1、负责哈罗助力车业务的用户端产品，为用车体验和车效负责2、探索新技术和新交互，提供极致用车体验；深刻认知用车需求，探索新的用车场景和模式；同时探索商业模式3、通过标签画像、供需预测、用户贡献等方式，提高运维效率，优化用车环境4、完成产品规划、需求分析、方案设计、项目推进、数据分析等工作，与设计、研发、硬件、运营等多部门协同达成目标任职要求1、3年以上互联网产品工作经验，对助力车业务有热情2、对出行场景有深刻理解，熟悉软硬件交互，了解人工智能3、能够高效沟通、有效判断优先级，有出色的产品设计能力，可以把控产品方向和迭代节奏4、优秀的自驱力、执行力、逻辑思维能力和表达能力
37,产品经理,经验3-5年,本科及以上,上市公司,圆通,"企业服务,数据服务",上海,15k-25k,3998567,"上市公司,大平台,晋升空间广阔",青浦区,"教育,教育",l圆通信息科技（西安）有限公司，隶属于圆通速递有限公司，是圆通速递旗下重要的子公司之一；主要致力于对接“物流信息互通共享技术及应用国家工程实验室”、打造智慧快递平台升级建设、妈妈商贸新零售平台、智能移动客户端建设、智能数据中心建设、智慧物流信息一体化平合整合； 互联网信息技术的快递平台是圆通科技的定位，信息化“云网”建设是圆通科技发展的重中之重，更是引领圆通集团未来发展的关键。 圆通信息科技公司在总部和全国范围内拥有500多名信息技术人员，我们的目标是，以信息化领先为核心价值观，用信息化提高生产力，信息化引领圆通未来。 我们需要你：1、负责整个产品生命周期的管理，规划产品有步骤地实现功能需求；2、负责产品的需求跟踪和管理，对外分析、引导和完善用户提出的需求，对内负责与研发部门进行需求分析和分解，确保需求最终实现；3、 管理产品生命周期，对于所负责的项目结果进行数据分析，完善产品并且不断改进用户体验和提出优化建议；4、协调相关部门推进产品功能落地，以及上线后的持续优化；5、领导安排的其他事项；理想的候选人：教育程度：全日制本科及以上学历，计算机、数学、营销相关专业优先；相关经验：不低于2年的产品工作经验；核心能力：较强逻辑思维，较好的业务分析能力，具有一定沟通协调能力；具备强烈的意愿和责任感，抗压力强，具有进取心，善于辅导，乐于奉献，乐于与人沟通、分享 - 优厚的薪酬待遇；- 公司免费提供午餐和晚餐及休闲娱乐设施；- 独立的健身房和电影院，工作生活两不误；- 每年两次晋升机会； - 开放办公环境，再牛的大佬都坐在你周围；- 迅速提升的学习机会和职业发展路径；- 丰富的人脉资源，直接和各行业顶尖大牛交流合作的机会；- 各路全能的BOSS和优秀的同事
39,产品经理,经验3-5年,硕士及以上,A轮,ARK Group,"移动互联网,企业服务",上海,15k-28k,5804741,弹性工作 福利超好,黄浦区,"需求分析,交互设计,企业软件",我们叫 ARKie，一家挑战了自己跨了界、混合设计与科技的公司，正在致力于创造用技术的方式改变设计行业的智能设计助手。2016 年 3 月，脱胎于设计圈知名的创新咨询公司 ARK Design。由 ARK 联合创始人、设计界“左手怪咖”王心磊创立。ARKie 是一家 Family 文化的公司，在这里 —— 管理扁平，不玩儿政治； 每位员工都将被无条件地信任； 可以专注地做任何你感兴趣地事情。 现在，我们需要一大波人一起来创造规则————你的工作内容：研究用户与市场机会，挖掘洞察与设计机会点基于已有的功能需求，构建产品功能与交互架构设计了解智能设计的工作逻辑，并利用自己的经验不断优化了解企业用户业务逻辑，并结合 ARKie 现有功能提出针对企业用户的解决方案和产品经理一起，把企业用户的需求转化为可落地的设计方案将设计方案输出为逻辑清晰、细节完善的设计文档和工程师密切沟通，保证设计方案的实施参与规划产品迭代、探索产品策略和商业模式我们对你的期望：具有清晰的逻辑思维，能处理复杂逻辑系统和交互流程具备一定的 UI 视觉设计能力具有良好的沟通表达能力，表达设计方案并和团队成员沟通抗压力强，责任感强，工作积极主动有社区类或工具类产品经验优先我们能提供：MacBook Pro  + 4k 显示器全额五险一金+商业保险带薪病假 + 10 天年假团队出游和不定期的吃喝玩乐一个可以专心撸码画图没人打扰的空间无限零食水果饮料和团餐
53,高级产品经理,经验不限,本科及以上,B轮,联盟智能社区,"企业服务,人工智能",上海,20k-40k,5614161,"薪酬福利好,工作环境轻松,不加班",黄浦区,"移动互联网,电商,产品设计,需求分析,用户研究",主要职责：1、需求分析，产品架构设计，内容管理公共模块规划，业务流程规范、需求文档编写、接口规范制定等。2、负责对接内外部门合作需求，协调开发团队及其他业务团队紧密合作，推动内容业务产品方案的落地，且保障项目整体质量，并表现出良好的团队协作能力。3、持续改进优化产品及产品线，完成公司产品发展战略目标，支持市场部门完成产品营销目标。任职要求：1、有4年以上产品设计从业经验，至少1年以上移动互联网行业从业经验。2、具备扎实的产品数据分析能力，有能从数据中发现问题，进而提出解决方案的方法论。3、知名互联网公司背景优先。4、统招本科，有百万级用户量产品优先
62,数据产品经理,经验3-5年,本科及以上,A轮,力引万物,数据服务 人工智能,上海,20k-40k,5792430,商业保险 午餐补贴 优秀工作伙伴,浦东新区,大数据,工作内容1、负责大数据平台功能的设计、研发、交付、检验、纠正、分享工作；2、负责行业大数据的终端和云端产品，了解和抽象各行业的业务模型、定义行业数据字典，提供数据，包含的行业有餐饮、零售、服务、商超、会员等；3、负责完善数据统计体系，建立统一的数据处理标准，及时响应各部门、各团队的数据统计需求，按时提供数据报告；4、定时主动产生各种不同用途的大数据报告，供管理层决策，供部门协作参考；5、数据驱动产品优化：通过系统内容数据和用户行为数据分析，深入理解用户需求，发现行业机会，并通过产品创新来验证、切入与放大竞争力；经    验:1、本科及以上学历；985、211院校毕业优先；2、5年及以上产品经验，至少3年以上数据类产品经验；3、有大型互联网平台数据产品相关工作经验者优先；技能技巧:1、精准的理解力、清晰的表达能力、细腻的沟通协调能力，能够深度思考，有很强的逻辑能力；2、互联网思维：具备互联网产品思维维度及用户价值至上价值观；3、学习能力：动态把握互联网行业运营、用户、技术、产品等；4、具有较强的跨部门沟通及协调能力、能承受一定的工作压力；5、有丰富的产品需求整理、分析、设计经验，具备良好的PRD或MRD的产品文档撰写能力，熟练使用Axure、Visio或其他原型设计软件；6、较强的逻辑思维能力，数据分析能力态    度:1、性格开朗，良好的保密性；抗压能力；应变能力。2、具备很强的责任感和事业心以及自我驱动力；3、强烈的结果导向意识和责任心，对于拿到结果有成熟的方法和计划性；4、良好的职业道德和职业操守，擅于沟通与协调，注重团队合作意识。
63,中台产品经理,经验5-10年,本科及以上,未融资,上海小牛互娱智能科技有限公司,移动互联网,上海,20k-40k,5809367,"年终奖,薪资待遇丰厚",浦东新区,"社交/SNS,金融,游戏",工作职责:岗位职责：1、 快速了解公司相关业务及战略，推动公司中台产品方案落地，与研发、测试等部门进行沟通，把控上线产品质量；2、 关注产品各项功能的反馈，密切关注产品数据，通过数据分析优化中台产品运营和产品链路，提升用户体验；3、 持续了解行业发展，将业内最新的技术、工作思路，应用于中台产品的体系建设。任职资格:、 全日制本科及以上学历，计算机/信息安全/统计学/数学及相关专业优先，有技术背景优先； 2、 3年以上中后台产品工作经验，有大型和头部企业中后台产品等经验优先，具有较强的数据分析能力和逻辑判断能力，目标导向； 3、 拥有强烈的责任心和团队合作精神，出色的学习能力； 4、 具备强烈的好奇心和自我驱动力，喜欢接受挑战，追求极致
71,资深AI/数据产品经理,经验3-5年,本科及以上,D轮及以上,途虎养车网,移动互联网,上海,35k-60k,5577287,"5A办公室,公司氛围好,发展空间大",闵行区,产品设计,岗位职责：1. 负责智能客服、用户画像等AI、ML领域产品落地，解决业务中实际问题。2. 深入了解业务场景，和业务团队密切合作，选择合适的切入点，切实提升运营效率。任职要求：1. 了解人工智能产品原理，对其抱有强烈兴趣。2. 2年以上互联网公司AI、数据挖掘、机器学习相关工作经验。3. 有产品owner意识，有主见，数据驱动，结果导向。4. 产品基本功扎实，有能力分步落地一个复杂产品，具产品管理及0到1的产品落地及推广经验。5. 思路清晰，逻辑性强，学习能力强，擅长创造性解决问题并具备高度执行力
72,产品经理（CRM）,经验3-5年,本科及以上,B轮,还呗-智能信贷领先者,"移动互联网,金融",上海,15k-30k,5647916,"移动金融,未来金矿,精英团队,助力成长",浦东新区,移动互联网,岗位职责：1、负责客服/CRM相关系统和产品的统筹规划、需求分析和产品设计，持续完善现有产品；2、收集整理来自业务方需求，系统化进行整理与评估，完善需求文档与系统原型图；3、推动与跟进产品的开发、测试和上线；4、行业研究和竞品分析，结合业务实际，制定契合行业发展和公司需求的产品规划；5、产品后续运营，基于数据分析与行业研究，持续优化，提高人效与用户体验。任职要求：1、本科及以上学历，3年以上互联网或软件产品经理经验2、熟练使用office、Axure、Xmind、Visio等需求分析辅助工具；3、有互联网公司或客服系统经验，最好有完整的系统产品研发案例优先；4、丰富的业务分析和需求分析经验，对系统架构及操作流程体验有良好的规划意识；5、有一定的数据分析能力，思路清晰，具备较强的逻辑能力和数据敏感性；6、具备良好的沟通能力、学习钻研能力、团队协作能力，抗压能力强。
75,创新产品经理,经验3-5年,本科及以上,上市公司,小i机器人,"企业服务,数据服务",上海,10k-18k,5236262,"人工智能,发展空间大,领导nic,产品创新",嘉定区,"用户研究,需求分析,产品设计,产品策划",职位描述： 1、调研挖掘业务需求，结合技术现状进行新产品规划并定义产品功能，打造出有竞争力、有市场前景的创新产品/功能。2、对产品开发过程进行管理，根据实时情况及时应对，保证产品功能的先进性、产品运行的稳定性，跟进开发的进度及产品质量，控制研发风险。3、持续完善产品，对产品进行更新迭代，保证产品竞争力。4、积极主动的主导跨团队合作，能清晰的了解各方的合作需求及架构层面的设计与交互，跟技术人员一起推进产品、开发合作方案的落地及实施。5、对技术有热情，乐于学习及探索人工智能相关技术；或愿意对业务进行深入研究，挖掘客户痛点，跟技术人员探讨用可复制的人工智能技术解决客户痛点。岗位要求： 1、本科或以上学历，计算机软件，信息管理相关专业。2、熟悉产品经理的工作，熟练使用各种产品定义/管理软件，项目管理软件。3、思路活跃，求知欲强，情商高，沟通能力强。4、了解企业级软件产品架构，熟悉SOA、MVC、SAAS、PAAS等框架。5、出色的沟通能力、协调能力、独立自主的分析并解决问题的能力，有较强的风险意识，团队合作意识。6、懂软件开发，精通一门开发语言/数据库操作的优先。7、熟悉敏捷开发，有敏捷实践经验者优先。
85,产品经理,经验3-5年,本科及以上,未融资,上海小牛互娱智能科技有限公司,移动互联网,上海,30k-50k,5771840,福利待遇,浦东新区,"产品设计,产品策划,用户研究,需求分析",工作职责:1、 快速了解公司相关业务及战略，推动公司中台产品方案落地，与研发、测试等部门进行沟通，把控上线产品质量；2、 关注产品各项功能的反馈，密切关注产品数据，通过数据分析优化中台产品运营和产品链路，提升用户体验；3、 持续了解行业发展，将业内最新的技术、工作思路，应用于中台产品的体系建设。任职资格:1、 全日制本科及以上学历，计算机/信息安全/统计学/数学及相关专业优先，有技术背景优先； 2、 3年以上中后台产品工作经验，有大型和头部企业中后台产品等经验优先，具有较强的数据分析能力和逻辑判断能力，目标导向； 3、 拥有强烈的责任心和团队合作精神，出色的学习能力； 4、 具备强烈的好奇心和自我驱动力，喜欢接受挑战，追求极致
98,资深产品经理（行业应用方向）,经验5-10年,本科及以上,B轮,径卫视觉,"硬件,信息安全",上海,20k-40k,5644694,预上市企业 领导好 发展好,杨浦区,"项目管理,产品设计,产品策划,智能硬件",岗位职责：1.  深度调研公交、普货等行业，客户在安全管理领域的需求及痛点2.  深入了解国家及各省区对公交、货物运输等行业的监管要求；3.  对ADAS、DMS、BSD等辅助驾驶技术、产品有深入了解；4.  深入了解市场格局，并对竞争对手的产品进行多维度剖析5.  通过各种内外部渠道，收集和整理产品需求6.  基于对客户、行业、竞品的分析和理解，结合公司战略，规划出具有市场竞争力的行业解决方案7.  推动产品从规划到设计，再到研发落地，确保产品推出的时效性及竞争力 任职要求：1.  4年以上的产品规划及管理经验；2.  2年以上车载人工智能产品相关行业经验；3.  对公交、普货等商用车细分领域有深刻认识及1年以上的从业经验；4.  优秀的市场调研及产品规划能力，有将市场需求转变成落地产品方案的经验；5.  熟练使用office、Xmind、viso、PPT等工具，能输出优秀的产品设计方案；6.  优秀的逻辑思维能力、沟通能力；7.  优秀的执行力;8.  具有电子设备研发背景者优先9.  了解人工智能行业者优先；10. 有项目管理经验者优先；11. 能适应一定程度的国内外出差。
106,产品经理,经验3-5年,本科及以上,A轮,天壤智能,"移动互联网,企业服务",上海,15k-30k,5516515,"AI,人工智能,城市大脑",徐汇区,"产品设计,产品策划",岗位职责：1、负责金融大脑产品（OCR相关）规划、设计； 2、收集分析用户使用情况，并基于数据反馈改进产品设计；3、负责在项目推进过程中的跨部门协调沟通工作，能够协调各资源以确保产品顺利发展。岗位要求：1、3年以上经验者优先；2、卓越的产品策划、设计能力，能够独立完成PRD的编写，熟悉产品设计工作循环，有较高产品意识； 3、沟通高效、擅长团队内外协调，具备优秀的项目管理能力； 4、清晰缜密的逻辑思维，有独立分析调研能力，有热情、富于创新精神，有意愿尝试探索新产品方向；5、有人工智能相关经验，熟悉数据互联网应用，数据应用等场景的优先考虑 。
110,高级产品经理,经验5-10年,本科及以上,A轮,力引万物,数据服务 人工智能,上海,30k-40k,5694311,boss nice、氛围好、国际市场,浦东新区,"新零售,智能硬件",
117,B端产品经理,经验1-3年,学历不限,B轮,乐言科技,企业服务,上海,10k-20k,5566531,业界顶尖团队 早期期权,徐汇区,"需求分析,用户研究",工作职责：负责B端服务类产品的需求调研，产品设计，产品验收和运营推广等工作。负责研究业界同类竞争产品及其动态，确保产品的竞争性地位工作要求：本科以上学历数学、物理、计算机专业或其他对数据、逻辑要求高的专业优先至少1年以上 to小B 的产品经验要求有数据驱动思维和数据敏性高熟悉产品规划流程，有较强的规划能力与执行力责任心强，思维活跃，有快速学习能力；具备优秀的沟通能力和理解力。待遇：和精干的业界顶尖团队合作，团队包括前IBM、谷歌、微软、阿里、百度、携程研发人员快速增长中的人工智能企业软件产品，成长发展空间大有竞争力的薪水团队大牛带你成长
138,产品经理,经验3-5年,大专及以上,未融资,上海小牛互娱智能科技有限公司,移动互联网,上海,15k-30k,5768614,五险一金、多项员工福利,浦东新区,"移动互联网,社交,产品设计,用户研究,需求分析,社交/SNS",工作职责:1、根据战略规划，负责产品的市场调研需求分析，并制定产品规范、产品功能设计和交互设计；2、负责产品的创新和预研，产品功能/UI/交互的确定，以保证产品及时、高质量发布上线；3、设计合理产品流程试图；撰写逻辑严谨的产品文档；4、负责产品上线后的日常维护，对相关数据进行分析，对用户反馈意见收集和筛选，准确捕捉用户需求；5、不断优化产品，定期分析效果，进行产品定位，提出相应策略建议；6、及时发现并跟踪解决项目问题，有效管理项目风险；任职资格:1、本科及以上学历，三年以上产品经理类工作经验，优秀者可放宽至大专；2、熟悉移动互联网行业，对app、H5网站产品有深刻的理解，独立负责过产品立项、设计、研发、推广应用及维护改进的整个过程；3、富有创造力和激情，热爱移动互联网，关注移动互联网新发展、模式和任职要求用户行为变化，对互联网产品和流行商业模式有强烈兴趣并有很强的敏锐度；4、善于思考、能够把握引导产品需求设计分析与场景分解，具有良好的沟通能力和组织协调力，较强的数据分析能力需求分析能力、逻辑能力和系统策划能力；5、有直播行业经验优先。
140,产品经理（L）,经验3-5年,本科及以上,A轮,河姆渡电子商务有限公司,电子商务,上海,10k-15k,5707015,五险一金；下午茶文化；发展前景好,浦东新区,"硬件制造,电商",工作职责: 1、对产品线所在行业、平台进行市场调研分析，发现并掌握目标市场和用户的需求变化趋势，对平台产品做出规划。 2、负责品线品类规划、品牌规划、商品规划，确定目标市场、产品定位、发展规划及线路图，并指导采购引进供应商及对应的品牌。 3、负责品线产品的售价、批发价、活动价、阶梯价、毛利警戒线等价格的拟定和维护，确保商品价格优势和公司利润。 4、SKU资料审核、线上展示内容拟定、商品上架/下架工作，SKU交期、起订量、关联商品推荐、服务等信息维护和更新。5、协助平台运营中心及市场部做好活动策划、活动上线、商品选品、套餐拟定、推广策略制定、培训指导。 6、负责售前售中的咨询解答、商品报价、项目报备、授权等营销对接工作。 任职资格: 1、25-35岁，本科及以上学历，拥有商品（产品）企划、产品管理或产品运营3年以上经验，对电子商务有深入的了解（有从业经验优先）。 2、熟悉智能建筑行业产品及生产厂商（如音视频、信息化设施、建筑设备、公共安全、机房工程、线缆管材、智能家居、BA等），对其中部分产品系列较为精通。 3、良好数据分析能力，善于通过分析准确发现问题，并提出解决办法；良好的沟通能力、执行能力和团队合作精神。
164,产品经理,经验3-5年,本科及以上,B轮,乐言科技,企业服务,上海,15k-30k,3304179,"顶尖团队,员工期权,交通便利,福利多多",徐汇区,"产品设计,产品策划",工作职责：- 负责人工智能企业产品的需求调研，产品设计，产品推广和运营工作。- 负责研究业界同类竞争产品及其动态，确保产品的竞争性地位工作要求：- 本科以上学历，计算机专业或其他相关专业- 至少3年以上to B的产品经验- 熟悉产品规划流程，有较强的规划能力与执行力- 责任心强，思维活跃，有快速学习能力；- 具备优秀的沟通能力和理解力。待遇：- 和精干的业界顶尖团队合作，团队包括前IBM、谷歌、微软、阿里、百度、携程研发人员- 快速增长中的人工智能企业软件产品，成长发展空间大- 有竞争力的薪水，早期期权- 交通便利，福利多多，带薪年假15天
166,软件产品经理,经验3-5年,本科及以上,C轮,快仓智能仓储,"硬件,数据服务",上海,10k-15k,3604930,"项目稳定,前景好,福利待遇好,技术氛围好",徐汇区,"物流,产品设计",岗位职责：.负责产品的全过程管理，包括与市场/销售部门以及合作客户沟通，收集并确认用户/客户需求、进行市场和竞争分析、制定产品规划； 2.负责具体功能的设计，不断优化产品体验，并协调/推动研发团队按时完成产品开发、高质量上线； 3.负责在项目推进过程中的跨部门协调沟通工作，能够协调各资源以确保产品顺利发展； 4.负责跟进产品运维，及时处理合作客户问题。任职要求：1.本科以上学历，计算机、物流专业优先； 2.精通Axure、visio、office等办公软件设计产品交互原型、产品流程、产品说明等文档；3.熟悉企业管理级产品设计开发流程，能独立推进产品工作； 4.两年以上产品经理工作经验，物流软件公司经验优先； 5.工作积极、细致认真、有责任心、勤于思考，能够快速融入团队氛围；6.有平台产品运营经验优先。
176,软件产品经理,经验5-10年,本科及以上,A轮,绿智汇,"电子商务,O2O",上海,15k-25k,5324141,"高绩效,高项目奖金,企业年金,补充公积金",杨浦区,"电商,产品设计,需求分析,产品策划",职责描述： 1、负责根据产品需求说明书拟写概要设计书，确定产品程序框架及界面风格，实现产品原型设计； 2、评估产品研发的规模、进度和难度，编制产品开发计划，并向部门总监提请项目评审； 3、独立完成产品调研以及规划，撰写合乎产品需求、逻辑缜密的会员前台产品需求文档； 4、与研发、设计、运营等人员或部门有效沟通，完成产品功能设计和用户体验设计，制作产品PRD文档； 5、权衡取舍用户体验、用户需求等多方面因素，平衡产品需求与技术实现；6、跟踪及评估产品实施，收集产品运营数据，不断优化产品，实现产品的生命周期管理； 7、定期进行数据统计分析以及竞争对手情况分析跟踪分析用户需求及行为，不断改进和提升产品性能。  任职资格：1. 5年以上互联网产品工作经验者优先； 2. 热爱互联网行业，具有强烈的产品创新激情和愿望； 3. 有会员CRM产品设计和用户体验分析能力，具备良好的工作态度与责任心，沟通能力、学习能力和独立工作的能力，具有敬业精神，抗压性强，具有团队合作精神，有良好的工作习惯； 4. 思维敏捷，逻辑清晰，具备较强的分析问题和解决问题能力；有一定的项目管理经验和较强的推动能力。5、有CRM/CMS/DMP/DM产品设计成功案例者优先。公司简介：1979年创立的上海城建物资有限公司是国资委下以商品混凝土、预制构件、新型建材科研开发、生产销售为主业的国有独资企业，具有高新技术企业称号。是获得日本PC协会认证资质的混凝土预制构件企业。多次参与了上海市标志性工程和重大工程项目建设。承揽了上海轨道交通、源深体育中心、延安路高架工程、浦东机场、虹桥交通枢纽工程、世博中国馆及世博园区、陆家嘴金融贸易区、外滩通道、中环线抢修等重点工程。“十三五”期间，城建物资进一步明确了“绿色产业”发展的目标，从生产制造型企业向生产服务性企业转型，积极发展服务型制造和生产性服务，加速转型发展，成为新材料综合服务商。2015年城建物资投资成立绿色建筑供应链集成服务平台——“绿智汇”（汇绿公司）（www.igreenbuy.com），集展示、交易、认证、推广、交流及相关配套服务为一体的O2O供应链电商平台。 “绿智汇”平台通过线上线下相结合的方式为绿色建材相关企业提供品牌、产品、技术、工艺等方面的线上展示，并结合线下孵化器、线下展厅、新品推荐会、技术研讨、专业论坛等活动来促进绿色建材产品交易与推广应用。为绿色产业链上的企业提供绿色建材标识认证、专业咨询、商务办公、生产厂房、配套物流、金融服务、产业孵化基金等一站式产业配套专业服务。 目前，“绿智汇”电商平台分为四大业务范围，分别是：绿色建材、绿色建筑、绿色能源和循环经济四大业务的线上线下的展示、交易及配套服务。产品分别是：采购平台、新材料大数据中心、智推宝（市场推广）、zhaopc（装配式）、智能健康快装、交易结算中心、技术营销中心。经过几年的沉淀与积累，绿智汇将进行混改，在业务上不断升级。 福利待遇:1、私人定制的薪资结构，领先于业内水平；2、年终奖金、绩效奖金、还有与你的能力和表现对应的项目奖金等；3、价值体现的调薪机制，个性化的职业发展通道；4、为每位员工缴纳（五险三金）养老保险、医疗保险、失业保险、工伤保险、生育保险、企业年金、补充公积金。 来吧！加入“绿智汇”让我们一起任性！ 公司主页：www.shmgc.com“绿智汇”平台：www.igreenbuy.com绿智汇公众号：绿智汇
182,产品经理,经验3-5年,本科及以上,上市公司,拍拍贷,金融,上海,20k-35k,5298714,"平台大,领导好,氛围棒",浦东新区,"产品设计,用户研究,需求分析,产品策划","工作内容：1、负责消费金融B2B2C线下商户全生命周期管理设计；2、负责智能硬件产品管理、调度、运营等全生命周期管理设计；3、从业务目标出发，充分沟通、理解和总结销售、运营、硬件团队需求和痛点，设计有效的产品解决方案提升各个环节的转化率；4、持续关注、分析同业竞品的发展、业务进展；5、主动梳理业务流程，从产品和流程的角度推动业务的发展。岗位要求：1、大学本科以上，计算机、通信等理工科背景优先，熟悉AI或有视音频处理模块技术背景尤佳；2、4年以上互联网产品的产品经验，有独立进行商家方向规划及实施或智能硬件管理系统规划的经验；3、沟通推进能力强，能够快速推进事情落地，具备优秀的跨部门多角色沟通能力；4、高情商，高智商，抗压力较强，工作态度认真负责,有创业精神尤佳；5、加分项：商家合作、ERP软件商合作经验；O2O或者电商背景。"
188,硬件产品经理,经验3-5年,本科及以上,C轮,快仓智能仓储,"硬件,数据服务",上海,15k-25k,3546163,"行业第一,福利待遇好,人工智能,晋升空间大",徐汇区,"物流,智能硬件,产品设计,智能硬件",岗位职责：1.负责智能硬件辅助产品整个生命周期的管控。根据市场调研结果进行新型智能硬件相关产品需求分析、产品规划、概念定义、功能设计，完成产品设计书； 2.协调产品研发部门，推进与外部资源联合的产品开发、测试、试产和量产进程； 3.把控产品量产相关的供应链、品质管理、物流等环节，解决产品量产中的问题； 4.配合销售部门组织产品前期推广活动，建立销售渠道和收集分析售后反馈信息； 5.制定产品改良计划，提出产品更新迭代计划。任职要求：1.电子、通信、机电等相关专业本科及以上学历； 2.熟练掌握硬件产品设计工具；3.对智能硬件行业有一定的了解； 4.有创新精神、团队合作精神，能够承受压力并达成目标。
189,产品经理（教育及视频大数据）,经验5-10年,本科及以上,C轮,商汤科技,移动互联网,上海,25k-50k,5704154,人工智能,徐汇区,产品设计,工作职责:岗位职责：1.负责教育类软件产品的目标市场分析，根据用户痛点和行业趋势确定业务切入点及产品设计方向；2.负责产品开发的全生命周期管理，包括产品规划、需求调研、各类文档编写（如MRD、PRD）、产品推广和升级迭代。3.配合开发团队进行产品开发，组织团队完成软件测试直至交付产品给最终用户，上线后根据测试市场反馈制定产品迭代方案并跟踪其实施；任职资格:任职要求：1.工作6年以上（12年以下），曾主导过两个以上的软件产品设计、开发及推广全过程（目标用户是小B或C类用户），有过教育领域（如K12编程教育）的云+端产品设计经验者优先；2.曾在知名互联网公司或外企任职产品经理2年以上；3.本科毕业于211及以上院校，计算机软件、工业设计、市场营销以及人工智能相关专业优先；4.对新技术有热情、愿意接受挑战、有创新意识和产品落地能力；5.思维活跃、思路清晰、有较好的学习能力和市场判断力；6.在以往的教育和工作历史中有证明其突出业绩的记录者优先。
199,产品经理（广告）,经验3-5年,本科及以上,C轮,极链科技Video++,"数据服务,文化娱乐",上海,25k-35k,4748702,"广告产品,ai,文娱",黄浦区,"广告营销,移动互联网,广告",We Need U1、负责效果广告产品的需求分析、功能设计、投放效果跟进，持续推动产品迭代优化；2、负责产品原型、产品需求文档撰写，协调技术团队完成项目实施；3、负责产品数据分析，建立投放数据模型，为业务提供指导性方案；4、与广告运营团队深度配合，听取用户反馈，完善广告各环节投放体验。5、0-1负责广告主及广告投放系统平台Our Requirements1、 全日制本科（含）以上学历，3年以上工作经验，其中2年广告产品经验，有CPC/CPI相关经验优先2、有数据分析经验，具备优秀的数据分析与总结能力，熟练运用数据化手段指导产品迭代优化；3、具备良好的沟通、团队合作意识，并能跨部门协调各类资源；4、具备优秀的文档能力，熟练使用Axure、office等工具，能够按需编写各类需求文档。
202,产品经理,经验3-5年,本科及以上,上市公司,信息发展,"电子商务,企业服务",上海,12k-16k,5496014,平台大 业务稳定 上市企业,普陀区,"大数据,需求分析,数据分析,产品策划",工作职责: 1、根据事业部大数据相关产品规划、设计系统功能，收集重要客户需求、明晰定位、目标、策略并实施； 2、分析跟踪竞争对手，完成分析报告，制定产品计划； 3、负责产品的项目管理，确定功能优先级，合理拆分项目迭代，并以敏捷开发模式推动项目快速迭代。 任职资格: 1、本科及以上学历，对政府应用类项目、产品有一定经验；2、2年以上产品经验，能够独立完成竞品分析、产品设计和优化迭代，了解产品从0到1的整个生命周期过程，有大数据类、ai人工智能产品经验者优先考虑； 3、熟悉项目管理流程、 良好的文档撰写能力，善于编写BRD、MRD、PRD 4、优秀的创新能力、钻研精神，出色的执行能力和沟通协调能力，及独立解决问题的能力。
206,产品经理(海外OTA),经验3-5年,本科及以上,B轮,上海印鹰happyeasygo,"电子商务,旅游",上海,15k-20k,5390076,五险一金 期权 生日福利 团建 双休,静安区,"旅游,移动互联网,产品设计,用户研究,交互设计,需求分析","As a Product Manager, we are looking forward you should work closely with our Tech Team and UI designer to improve the UI and User experience, increase visitors, App Downloads and Sales Revenue through enhanced experience and better Usability of the product. (Website, Mobile Site and App) Essential Duties of Product ManagerDesigning User Interfaces and applying usability principles to Website, Mobile site as well as applications. Create the Standard templates and prototypes, creating page layouts, Conceptual Design, High/Low Fidelity Prototyping.Conducting regular competition analysis and recommending plan. Learn and collect the latest product designing trends of OTA.Defining and analyzing product metrics regularly, and use the learning for product innovations and improve the GUI, solve navigational issues, present new ideas to the team members, aid developers in improving the UIs.Take active part in user research and testing.Creating Style Guides and Standards for applications and websites.Leading the construction of CMS platform.Utilize the measurement tools to analyze the performance of website and App.Product development of Airline tickets, Hotel and Travel related. Preferred Experience5 years of experience in leading the design for rich interactive web and mobile applications.Preference for candidates with experience/understanding of OTA (Airline, Travel or Hotel or SEO). Good at Data tracking.Have strong conceptual knowledge of at least one programming languageAbility to work with teams with diverse backgroundExcellent Communication and Relationship Management skillsIs a team player with the confidence to take the lead and guide other employees when necessary.High analytical ability. Strong ability to work under pressure and deliver tangible solutions"
207,大数据产品经理,经验5-10年,本科及以上,未融资,上海鲲驰贸易发展有限公司,电子商务,上海,18k-25k,5722609,"团队大牛多,发展空间大,工作氛围好",浦东新区,"电商,新零售,产品设计,数据分析,供应链,BI","岗位职责:1 从京东『品牌纵横』『精准通』爬取运营与广告数据，构建平台数据分析体系 2 策划精准广告投放模型3 为B2B事业部规划精细化运营CRM平台4 规范化给类运营报表5 完善供应链体系，构建智能库存机制任职资格:本科及以上本科学历，5-10年工作经验1、对主流大数据产品、BI产品了解(Table, PowerBI)。2、对数据仓库技术及理论有基本的了解，并对其发展趋势有深入了解。3、数字营销(DMP, DSP)相关经验。4、对供应链体系有一定了解优先。5、能很好地掌握产品思路、技术方案、商务策略等，驱动各角色解决问题 ，具有良好的商业洞察与判断，很强的逻辑思维能力、产品策划、品牌包装与宣传能力，对数据和业务敏感，有一定技术背景优先考虑。6、了解数据分析，数据建模和数据挖掘技术及理论。"
220,数据产品经理,经验3-5年,本科及以上,B轮,还呗-智能信贷领先者,"移动互联网,金融",上海,20k-30k,5163881,"移动金融,未来金矿,精英团队,助力成长",浦东新区,移动互联网,岗位简述为业务分析提供数据支持并且建立监控体系。利用扎实的数据技术功底，进行海量数据的处理和数据指标体系的基建工作，能建立分析框架，能够进行量化分析和数据挖掘。岗位职责 针对业务的问题，通过使用SQL/Hive等工具对数据的清洗、特征抽取、分析，得出有效的结论，推动业务优化。使用SPSS/R/Python/SAS等工具，针对业务的需求进行建模，得出有效的业务分析结论，并撰写业务分析报告。基于对业务的了解，建立从宏观到微观的数据指标观测体系。建立业务分析框架，指导用户经营。任职要求能够熟练使用EXCEL、SAS、SPSS、R等常用数据分析或挖掘工具，数据分析基本功扎实；能够快速理解业务，思维活跃，能分析解读用户数据、运营数据；具有非常强的归纳总结能力及逻辑思维能力，能够从数据中挖掘业务线索，通过数据的层层拆解解决业务问题。具备责任心和认真负责的工作态度，具有良好沟通表达能力，和撰写商业分析报告的能力。熟悉Hive数据仓库架构、熟悉数据建模，精通SQL编程，具备海量数据加工处理（ETL）相关经验的优先；
233,资深产品经理,经验5-10年,大专及以上,A轮,介谷,人工智能,上海,20k-25k,5351415,五险一金,浦东新区,需求分析,"岗位职责：1. 根据市场、商务、运维反馈的需求进行整理分析并出具需求分析调研报告；2. 负责同行业相关产品的市场分析、产品调研分析、同类产品研究；3. 对产品从需求到文档落地的整个研发流程的优化；4. 指导产品专员的文档规范性逻辑性和整体性；5. 负责协调各关联产品的合作，确保对相关业务部门的良好的协作；6. 管理组织产品小组的日常工作开展；7. 配合公司其他部门，支撑公司商务方案、市场宣传等内容的制作任职资格：1. 具备五年或以上互联网产品（B2B, B2C）的规划及产品设计经验，其中二年以上产品经理工作经验，有房地产相关行业经验的优先；2. 设计产品时有较强的创新力，可以站在目标客户的角度思考问题，想法贴合市场需求；3. 有独立策划规划产品的能力，可以设计产品功能架构和使用逻辑；4. 有较强的沟通协调能力，逻辑思维和数据分析能力；5. 与开发团队密切协作，把控需求，控制变更，协调进度，并对成果物进行验收；6. 有较强的文案撰写能力，能够编写系统规划方案与运营组织方案；7. 熟悉Axure和墨刀等产品原型设计工具；8. 对生活充满热情，性格外向，主动性强面试时请带好个人相关作品"
239,数据产品经理,经验3-5年,学历不限,不需要融资,德邦,移动互联网,上海,13k-26k,5391780,大平台、牛人云集,青浦区,"产品设计,数据分析",1、数据产品规划与设计：深度挖掘德邦大数据服务平台需求，完成大数据服务平台产品、数据指标建设应用产品、用户画像/智能推荐方向产品规划；2、数据治理：独立完成元数据/数据管道/数据稽核/资源管理等大数据产品的策划、产品流程设计及原型设计等工作；    3、产品推进与优化：协调业务部门、研发、测试等团队，推进产品化进程；关注产品的用户需求、体验、数据及场景变化并进行分析，持续完善和优化已有的产品功能；    任职资格：1、熟练使用Axure RP、Visio、MindMangager等工具梳理业务流程，设计产品原型；   2、熟悉数据仓库建设方法论、流程与产品功能；熟悉大数据数仓产品hadoop/spark等开源平台；   3、熟悉数据治理、数据标准、数据清洗加工、数据模型、元数据服务、数据地图、数据血缘等模块知识；  4、精通SQL，熟悉至少一种专业分析工具和编程语言如Python、Scala等；  5、具有良好的沟通能力、协调能力，团队协作意识强，有较强的学习、逻辑思维及分析能力。    6、技术背景优先，物流/快递行业经验优先，有gis相关经验优先7、顺丰、天眼查/启信宝/企查查/京东、BAT优先
242,产品经理,经验3-5年,本科及以上,不需要融资,加佳信息,"区块链,人工智能",上海,15k-28k,5786917,"前景好,福利好,周末双休,扁平管理",浦东新区,"社交,金融,项目管理,交互设计,产品策划,结构设计","岗位职责：1.熟悉项目管理的周期与关键节点：负责项目计划、管理、执行及持续的改进完善等工作，负责跨部门协调和沟通，推动及协调项目进度，把控项目质量，保证各环节顺利完成；2.熟悉产品管理的全周期：包括产品功能规划、需求调研、市场调研、竞品分析、撰写分析报告、制定产品规划、业务流程设计、功能设计及部分交互设计界面及流程原型，至上线迭代，撰写规范文档等；3、关注产品数据和用户反馈，提炼用户需求，指导产品设计，完成产品迭代以及用户活跃增长等目标；4、根据运营数据分析和用户反馈，持续改善用户体验和优化产品。任职要求：1.本科及以上学历；计算机，项目管理，交互设计或相关专业；2.有3年以上互联网产品规划和项目管理经验,具有产品原型设计能力，有良好的产 品思维，熟悉互联网或软件产品整体实现过程；3.思维敏捷，具备良好的沟通能力和撰写方案的能力，可以产出高质量的产品文档；4.具备良好的数据分析能力和用户产品意识，创新意识及良好的分析、判断能力；5.熟练使用产品规划和原型工具；对区块链技术了解者优先考虑。工作地点：上海市浦东新区双桥路1166号加佳发展研究中心"
271,产品经理（广告）,经验3-5年,本科及以上,D轮及以上,晶赞科技Zamplus,"数据服务,文化娱乐",上海,25k-50k,5799532,平台大 牛人多,闸北区,"工具软件,产品设计,产品策划,SaaS,广告","职责描述：1、 负责广告平台产品设计,搭建智能营销平台；2、 负责公司产品的用户需求分析、需求调研、产品策划、产品设计、产品运营；3、 编写产品需求文档，负责公司产品的规划和持续优化；4、 向研发人员提供业务指导，强有力地推动项目进展、项目间的协调与解决产品运营遇到的问题；5、 公司产品日常的运营维护与数据分析跟进，为实现运营目标出具产品策略；6、 综合分析公司及竞争对手的产品以及行业情况，及时调整竞争策略；7、 上级领导交办的其他工作事项。任职要求：1、 35岁以下,本科以上；2、 5年工作经验, 3年以上广告平台PM工作经历；3、 有严谨的思维逻辑能力，对互联网广告平台有较深入的了解，熟悉CPC、CPM、CPT、CPS 等各种互联网广告模式；4、 参与过腾讯、阿里、MediaV、GrowingIO、TalkingData, 广告平台或者数据平台的候选者优先；5、 做过投放策略相关工作的优先。"
280,人工智能产品经理,经验不限,大专及以上,B轮,创略科技,"数据服务,广告营销",上海,15k-25k,5193301,扁平化管理,徐汇区,移动互联网,岗位职责：1、负责公司企业级AI产品应用场景的设计工作2、产品的竞品分析、需求调研、数据及用户分析等多方面进行具体功能设计，参与编写需求规格说明书；3、对于产品形成自己的理解和认识，基于自身日常工作内容向研发团队提供必要信息、解释需求内容；4、参与产品研发推动和项目管理，负责需求跟踪，完成需求变更的控制与管理。任职要求：1、企业级别数据产品设计，大数据分析或者用户转化/增长分析工作经验，有AI类产品设计经验优先考虑2、熟悉互联网或软件产品整体项目实现过程，包括从业务调研、需求分析到产品发布；3、熟练掌握word、Excel、PowerPoint、Project、Axure-RP、能以视图方式清晰表达复杂、抽象的概念；4、熟悉用户画像相关的挖掘技术如用户标签、分类、聚类、宽表和相关建模原理、数据采集、数据清洗；能挖掘用户画像在不同行业里的应用场景；5、对主流大数据产品，BI和营销类产品的现状和发展趋势有深入了解优先；
285,资深互联网产品经理,经验5-10年,本科及以上,B轮,还呗-智能信贷领先者,"移动互联网,金融",上海,20k-40k,5647746,"移动金融,未来金矿,精英团队,助力成长",浦东新区,移动互联网,岗位职责：1. 业务规划:对模块业务整体规划2. 需求撰写及需求质量把控:负责需求的撰写和组内产品经理的需求质量把控3. 迭代管理:对需求迭代进行质量与速度的把控，推进功能上线4. 数据分析:能够对自己的业务功能进行快速有效的数据分析，并得出结论，指导后续需求安排5. 负责平台基础运营中台和服务的稳定性，保障触达渠道的畅通6. 负责平台基础运营⼯工具的拓展，提供给业务部⻔，更便捷的活跃支撑7. 负责会员和积分体系的统筹，维护用户留存和活跃岗位要求:1、本科及以上学历，5 年及以上工作经验1. 责任心极强，对产品和工作高度负责，对问题有跟踪到底的态度2. 负责过相对独立的业务模块，熟悉岗位描述中所陈列的各项职能，并能够高效的完成3. 对数据敏感，做过完整的数据分析报告，并从中得出有益的结论。熟练掌握各种数据分 析方法及工具(有 SQL 基础尤佳)4. 参与过敏捷开发的项目，对迭代管理有一定经验5. 有大型互联网企业从业经验的产品经理优先
293,产品经理（电子类硬件产品）,经验3-5年,本科及以上,不需要融资,飞智,"游戏,硬件",上海,15k-25k,5515235,五险一金 绩效奖金 带薪年假 团建活动,杨浦区,"游戏,硬件制造,产品设计,用户研究,需求分析",我们是谁 ——飞智，手游外设领跑者，专注打造全球领先的游戏外设品牌。目前是天猫京东手游手柄销量第一品牌。飞智游戏厅APP社区已聚集上百万玩家。我们有一批深具游戏情怀的小伙伴，坚持技术和设计创新，具有极度开放和不断成长的公司文化，期待与更多优秀的小伙伴共同打造世界级的品牌。岗位职责：1.新产品需求规划—— 负责飞智手游手柄、耳机、配件等新产品的规划。进行详细的市场产品调研和分析，输出产品定位报告。2.新产品规格设计—— 负责产品的详细规格设计，输出产品规格书。协同ID设计、结构设计、电子功能设计等多部门，研讨规格可行性。站在用户需求角度决策产品的功能规格。3.开发推进—— 协同硬件项目经理、部分外协供应商等完成产品开发过程中各个节点的开发推进。4.质量把控——参与相关产品的开发测试，监督产品质量。5.产品改进——与研发、市场、运维、售后、测试等部门合作，收集反馈问题和需求，并通过产品的手段解决问题，推动既有产品的优化和迭代6.对外沟通——负责产品从需求规划到交付过程中的产品问题对接。任职要求：1. 全日制本科及以上学历，985，211院校优先；3年以上工作经验。电子类或者工业设计类专业背景优先。2. 热爱游戏，对数码科技产品、尤其游戏手柄耳机等外设产品有大量测试使用体验者优先。3. 熟悉智能硬件从无到有的完整过程，对产品ID，模具、结构、电控、软件等相关技术有一定了解。4. 有成熟的产品管理能力，包括产品规划、产品定义、版本管理等。5. 优秀的沟通能力、规划能力、组织及协调能力和良好的逻辑分析能力，同时具有较强的文档写作能力。6.  追求高标准，抗压力强。能不断突破自我，快速迭代。你将获得：与热爱游戏的小伙伴一起打造世界领先的外设产品。快速的专业积累和成长。不限年龄只看结果的高速成长。
295,产品经理,经验3-5年,本科及以上,不需要融资,通力互联,"电子商务,企业服务",上海,10k-20k,5636990,移动端/SAAS化云平台产品、交互设计,闵行区,"SaaS,产品设计,需求分析,交互设计","岗位职责：1、负责智能产品云平台以及客户端APP的需求分析、原型设计、PRD输出工作；2、根据智能产品的市场表现，负责多品APP的整体规划设计和内容运营设计工作，输出需求；3、负责组织市场、设计、研发等相关团队进行需求评审并推动落地；4、与相关项目组紧密配合，协调研发、测试、运营、市场等接口部门，推动新产品的研发与运营；5、全面跟进智能产品客户端的生命周期，深入研究市场用户需求和竞品，不断满足用户需求和进行产品升级；6、上级领导和其它部门要求或需要配合完成的其它工作。任职要求：1、本科以上学历，CET-4, 3年以上互联网/IOT产品相关工作经验，2年以上移动端产品经验或SAAS化云平台产品经验；2、掌握客户群体移动端现状，了解主流手机客户端产品的发展趋势；3、产品意识卓越，追求极致的用户体验，注重数据驱动，强烈的结果导向意识；4、对智能产品物联网有一定的认识，具备不断探索的精神；5、具备良好的创新意识和团队合作意识，有较强的沟通、协调能力；6、具备一定的交互设计能力，熟练使用Axure RP、visio、MindManager、Xmind、word、Excel、PPT等软件。7、熟练运用Axure、Visio、Xmind、PPT等办公软件，良好的英语读写能力。"
296,产品经理（软硬类）,经验3-5年,本科及以上,B轮,三体云动,移动互联网,上海,20k-40k,5758527,扁平化 福利多 发展好,徐汇区,"新零售,大数据,SaaS,智能硬件,移动产品/APP,数据",岗位职责：1、负责三体云动某一产品线的规划，保证产品用户价值体现，包括用户调研、需求分析、市场和竞品分析、产品功能设计等；2、协调资源推动产品功能实施，跟进项目的进度，与内外部团队有效沟通，提高项目整体质量；3、负责产品上线后的跟踪优化和运营数据工作，持续推进产品优化。任职资格：1、本科以上学历，4年以上产品工作经验，2年以上企业产品经验；2、良好的逻辑思维能力、沟通能力、学习能力、项目管理能力，较强的执行力和自驱力；3、优秀的需求挖掘能力，产品体验把握能力，同时具备商业敏感性，主导产品的创新，对产品和相关行业有全局和系统性的思考；4、熟练使用Axure、Mindmanager、Visio等产品原型设计工具，高效输出高质量的原型及需求文档；5、喜欢健身者优先；6、提交简历附上原型及PRD文档或链接。
300,产品经理（to B 金融方向）,经验3-5年,本科及以上,B轮,达观数据,人工智能,上海,20k-30k,5480822,"技术领先,行业口碑佳,人工智能,准独角兽",浦东新区,"金融,企业服务,产品设计,用户研究,需求分析",职责描述： 1、负责用户需求分析和竞品分析，持续优化产品的用户体验，推进产品市场化；2、与研发同事协同，将NLP和AI技术应用于金融行业的产品设计，推进产品的持续功能迭代增强，打造金融行业有影响力的解决方案；3、负责在产品开发过程中的设计确认、调整等协调工作，确保产品相应文档的编制合乎规 范，如介绍文档、需求说明书、用户操作手册等；任职要求：1、本科及以上学历，经济金融及其相关专业毕业，3-5年工作经验；2、熟悉产品设计工具，熟练掌握 Axure、XMind、photoshop等，能够提供高质量的产品原型、流程图、 线框图等，清晰表达设计方案；3、了解金融行业，对金融行业相关的业务需求能够做出合理判断；4、优秀的沟通协作和项目管理能力，能够在复杂环境下灵活调整、强力执行，有很好的抗压力。
309,人工智能产品经理,经验3-5年,本科及以上,B轮,乐言科技,企业服务,上海,15k-30k,5194949,"上升空间大,免费午餐,节日福利,带薪年假",徐汇区,"产品策划,用户研究,需求分析,产品设计",职位描述：1.      关注行业相关方向的前沿研究，挖掘人工智能技术在企业业务中的价值，并将相关成果快速产品化、商品化；2.      负责与合作方沟通梳理需求，贯彻执行2B产品体系规划和发展路线，设计智能产品；3.      负责产品的规划、阶段性目标的制定、产品设计和管理，输出高质量的产品原型，管理产品的版本和功能点；4.      对接技术、开发、测试、市场应用等各个环节，不断探索产品创新点，推动产品的功能完善、性能改进；5.      保证产品成功应用于市场并持续跟进线上和线下使用反馈，提出产品改进方案，不断优化打磨产品；6.      跟踪市场动向，分析竞争对手，深刻理解人工智能技术的特性、边界和发展趋势，能利用有限的资源解决实际问题；7.      了解创业公司的风险和挑战，抗压能力强，能在解决问题过程中找到乐趣，和公司共同成长。 任职资格： 1. 学历要求：毕业于 985 、211或同等院校，硕士学历及以上。 2. 工作经验：-3年以上相关工作经验， 熟悉 toB 业务模式并有较深刻的理解，对人工智能有一定的了解，熟悉产品运营或产品设计，有很好的产品分析、总结归纳能力； -有极强的逻辑抽象能力，思维敏捷，能从复杂的业务场景中找到关键点并总结归纳； -对用户的体验度模型善于总结和归纳，有很强的感性认知能力和理性分析能力； -担任过一款实际落地产品的产品经理，-有NLP、KG产品设计工作经验优先； 3. 能力要求： -出色的表达、沟通、问题分析、随机应变等综合能力，文档写作和产品原型表现能力； -想象力丰富，有创意、有激情，良好的沟通能力和团队合作精神； -优秀的协调、谈判能力，主动性强，高执行力，具有高度的工作热情和责任感； -良好的沟通协调能力和团队合作意识，能够主动总结和分享自己的知识和经验
313,硬件产品经理,经验5-10年,本科及以上,未融资,猫眼电影,"移动互联网,文化娱乐",上海,20k-35k,5796339,"行业巨头,丰厚薪资,福利多多,氛围好",长宁区,"硬件开发,嵌入式,智能硬件",岗位职责：1.负责演出智慧现场（取票、检票、现场监控等）产品，根据市场需求，竞争态势和用户需求，进行可行性分析，参与制定项目方案2.负责智能硬件产品的全生命周期管理，包括同销售、市场、研发、供应链、第三方合作厂家等多方的沟通协调，推进产品的落地，包括选型、开模、并与研发协同，完成软件开发全过程3.负责对智能硬件产品各项业务指标进行数据分析，并输出解决方案4.负责产品的用户体验测试，不断优化提高产品的用户体验任职要求：1.电子、计算机、通信、机电、材料、机械等相关专业，本科以上学历；5年以上产品经理经验者优先，有门禁管理系统经验优先2. 熟悉硬件产品的研发过程及供应商渠道3.优秀的沟通能力、规划能力、组织及协调能力和良好的逻辑分析能力，同时具有较强的文档写作能力4.有强烈的责任心，能够承受较强的工作压力
315,产品经理（平台售后方向）,经验3-5年,本科及以上,上市公司,拼多多,"电子商务,移动互联网",上海,25k-50k,5352004,"年底多薪,氛围好",长宁区,"移动互联网,电商,产品设计,产品策划",岗位职责：1、负责平台维权流程优化，以及规则制定2、负责平台维权智能业务，包括智能售后处理、智能赔付以及智能判责3、负责维权工作台构建与优化，包括对于外包服务的分配逻辑和考核标准4、负责消费者增值体验业务5、负责C端维权消费者体验优化6、负责逆向交易业务梳理以及迭代优化岗位要求：1、本科及以上学历，3-5年互联网工作经验，有大型平台的售后产品经理工作经验优先；2、较强的逻辑思维和数据分析能力，熟练掌握统计和分析相关工具；3、有较强的行业理解能力，执行力较强并且有较强的抗压能力。
316,Product Manager | 产品经理,经验3-5年,学历不限,不需要融资,星垂智能,"移动互联网,人工智能",上海,20k-40k,5705987,"国际化团队, 高层写字楼, 完善的福利",静安区,"大数据,移动互联网,移动产品/APP","职位诱惑：国际化团队,  完善的福利职位描述：星垂智能 ZENO 是一家总部在西安的科技创业公司，由连续创业者们创立，创始人们曾在美国，阿联酋等地工作和创业。目前 ZENO 处于影藏模式中，已经获得来自阿联酋，加拿大和新加坡的客户。公司位于西安，并在迪拜设有分公司。公司提供完善的福利制度和行业内 Top 5% 的薪资。我们期望新同事拥有良好的英文沟通能力，对新技术的敏锐性和对新鲜事物的好奇心。薪资福利- 保证市场上前 5% 的薪水- 五险一金以及其他法律规定的员工基础福利- 每年至少一次的国外旅行或者到其他国家办公室访问机会- 产假（无论性别）- 其他人性化的福利政策职位职责-  负责新to B SaaS 产品的设计及优化- 管理项目进度，协调设计、开发、运营等团队资源，分析并及时响应业务需求，提出产品解决方案- 负责产品原型和交互界面设计，跟踪产品研发过程，把控开发质量和进度，对产品版本的最终上线负责- 对接业务需求，分析需求并提供解决方案，撰写需求文档，制定产品计划- 负责与研发团队沟通，协调推动跨部门合作，跟进需求上线- 关注产品的 UI/UX，及时掌握产品动态，收集整理产品运营数据、用户反馈和建议职位需求- 良好的教育背景，3年以上互联网产品工作经验- 具备面向中大型B端企业的SaaS软件或工具产品经验，参与过复杂用户链路toB产品设计- 有移动应用程序开发经验优先- 技术背景或了解技术概念优先- 熟悉敏捷开发- 较强的客户和团队沟通能力- 优秀的书面和口头英语表达能力- 较强的组织和多任务技能- 优先考虑拥有计算机及电子工程的学士或硕士学位的候选者"
322,产品经理,经验3-5年,本科及以上,上市公司,小i机器人,"企业服务,数据服务",上海,15k-25k,5779017,"晋升空间大,福利待遇好,餐补,人工智能",嘉定区,产品设计,专业AI公司中的AI研发应用团队专注文本信息抽取和业务预测、推荐涉及机器学习、NLP、大数据技术领域行业应用广泛 有充足的发挥空间职能：1、带领产品团队完成产品设计，输出MRD、PRD，与研发团队沟通，推进产品研发2、完成产品相关文档编写，包括白皮书、操作手册、PPT、技术方案、报价表等3、面向客户业务场景，完成解决方案编写，输出DEMO及相关PPT材料4、对销售售前团队进行培训，并在产品/方案初期支持面向客户进行交流沟通要求本科以上学历，三年以上工作经验能设计产品、包装讲解方案 有脑洞，敢于开拓！有面向政务相关领域的方案/产品经验优先有数据分析相关领域经验优先有产品团队管理经验优先
333,产品经理,经验1-3年,本科及以上,A轮,共轨之家,移动互联网,上海,12k-18k,5410079,人工智能 技术前沿 氛围热情 待遇优厚,浦东新区,"产品策划,用户研究,需求分析",负责公司软件APP、后台系统等产品的规划、设计和迭代；负责安排或协调产品开发项目进度，把控产品质量并提高效率；撰写产品需求文档，并将需求明确清楚的沟通给开发、测试人员；关注用户行为和数据，制定迭代计划，不断优化用户体验。任职要求：本科以上学历，1年以上互联网产品工作经验，有汽车相关从业经验优先；具备一定的交互设计能力，同时具备审美观念的优先考虑；熟悉设计软件，熟悉数据库原理；具有很好的跨团队沟通和协调能力，抗压能力强。该岗位需要有笔试试题试题链接：https://ks.wjx.top/jq/32089349.aspx 做完提交答题即可合适的话我们会尽快联系您！
339,产品经理,经验1-3年,本科及以上,A轮,天壤智能,"移动互联网,企业服务",上海,15k-30k,5803244,AI 人工智能,徐汇区,"云计算,大数据",岗位职责：1、负责金融大脑产品（OCR相关）规划、设计； 2、收集分析用户使用情况，并基于数据反馈改进产品设计；3、负责在项目推进过程中的跨部门协调沟通工作，能够协调各资源以确保产品顺利发展。岗位要求：1、3年以上经验者优先；2、卓越的产品策划、设计能力，能够独立完成PRD的编写，熟悉产品设计工作循环，有较高产品意识； 3、沟通高效、擅长团队内外协调，具备优秀的项目管理能力； 4、清晰缜密的逻辑思维，有独立分析调研能力，有热情、富于创新精神，有意愿尝试探索新产品方向；5、有人工智能相关经验，熟悉数据互联网应用，数据应用等场景的优先考虑 。
346,数据产品经理 (MJ000181),经验3-5年,本科及以上,D轮及以上,商米科技,O2O,上海,15k-30k,5744958,D轮 领导好 发展好,杨浦区,"新零售,移动互联网,产品设计,产品策划,需求分析",岗位职责：1、负责商米OS与云的大数据平台，带领大数据Scrum团队完成大数据功能的设计、研发、交付、检验、纠正、分享工作；2、负责商米设备大数据的终端和云端产品，包含终端采集、上传，云端存储、清洗、可视、校验及分析、机器学习工作；3、负责商米行业大数据的终端和云端产品，了解和抽象各行业的业务模型、定义行业数据字典，提供数据API，包含的行业有餐饮、零售、服务、批发、停车、保险、医疗、会员等；4、负责完善商米数据统计体系，建立统一的数据处理标准，并推广标准到各组件的Scrum团队；5、及时响应各部门、各团队的数据统计需求，按时提供数据报告；6、定时主动产生各种不同用途的大数据报告，分享个整个公司，供管理层决策，供同事参考；7、数据驱动产品优化：通过系统内容数据和用户行为数据分析，深入理解用户需求，发现行业机会，并通过产品创新来验证、切入与放大竞争力；8、以结果为导向制定产品上线和改版计划，协调所以相关人员，把控产品路线图、输出质量及进度，推动产品的测试及发布；9、对每一次发布的OS和上线的Web版本亲自验收把关，并在通过后向高层演示新特性。 岗位要求：1、本科及以上学历；2、6年及以上产品经验，至少3年以上数据类产品经验；3、精准的理解力、清晰的表达能力、细腻的沟通协调能力，能够深度思考，有很强的逻辑能力；4、强烈的结果导向意识和责任心，对于拿到结果有成熟的方法和计划性；5、具有强烈的好奇心、同理心和独立思考能力；6、互联网思维：具备互联网产品思维维度及用户价值至上价值观；7、学习能力：动态把握互联网行业运营、用户、技术、产品等；8、执行力：有使命必达的勇气，能承担高负荷工作节奏；9、创业精神：能理解创业不易，能正确看待风险，主动发现、规避明显的坑，强烈的成本意识与效率意识，追求简洁至上，不轻易堆功能，深刻理解MVP或SLC的必要性；10、985、211院校毕业优先；11、担任过知名互联网管理职位优先；12、有1年及以上的创业经历优先。
348,产品经理,经验5-10年,本科及以上,A轮,力引万物,数据服务 人工智能,上海,20k-40k,5722347,五险一金 补充医疗 午餐补贴 带薪休假,浦东新区,"新零售,大数据,需求分析,数据分析,商业产品,产品设计",岗位职责：工作职责:1.负责产品中后台相应的需求和设计等；2.负责产品外观 ，规格，市场定位，方案可行性方向把控等；3.推动相应产品的开发，根据产品的生命周期，协调研发、运营等各部门，确定相应的产品策略及一系列产品管理活动。4.关注在研产品开发周期，处理需求变更，研究市场和用户需求，不断优化产品，提升用户体验及活跃度，同时策划有竞争力的产品5.输出市场需求文档MRD、需求分析及BRD、产品功能需求文档PRD、产品原型图、产品用户手册及客户培训资料等相关产品文档；任职资格:1.本科以上学历，5年以上相关工作经验，有SAAS，智能硬件行业，电商新零售行业工作经验者佳；2.熟悉市场行业信息；对产品规划有一定的认知及经验；3.有较好的沟通和协调能力，能承受工作压力，有责任心4.有很强的数据分析能力及商业认知。5.精通互联网产品架构，有优秀的互联网思维，有持续改进用户体验的经验；6.具备良好的沟通和口头表达能力，良好的文档编写能力，项目管理能力，思维逻辑能力，乐观、积极向上。
350,产品经理,经验3-5年,大专及以上,A轮,河姆渡电子商务有限公司,电子商务,上海,10k-15k,5696379,五险一金；下午茶文化；发展前景好,浦东新区,"大数据,硬件制造,产品策划,用户研究,需求分析,项目管理",希望熟悉或有实践接触过：信息设施、公共安全、楼宇自控、智能照明、机房工程、音视频、智能家居、线缆管材等品类岗位职责：1、熟悉弱电安防等智能建筑行业相关产品和系统2、开展市场调研，对弱电系统及相关产品的行业发展及市场前景进行调研、分析，提出产品引进建议3、根据年度产品引进规划，与采购部配合做好供应商评估与开发，导入产品，并提供BOM，组织做好弱电产品的分类、型号等信息维护与工艺档案建立4、管理弱电系统及产品开发、定价、上市的全过程，监管产品发展情况，处理产品问题5、与品质部门配合做好弱电产品的质量体系认证及质量监控工作，确保导入产品的品质6、配合销售部门做好上市产品的推广与产品知识的培训工作任职要求：1、大专以上学历，工作经验两年以上，行业里面从事品牌运作经验优先优先2、了解弱点产品生产过程，具备一定实际生产操作能力3、熟悉弱电产品的制作工艺流程，以及国家相关的产品标准和试验方法4、拥有市场意识，了解弱电市场的产品需求以及主要同行厂家新品特点，并完成新品开发计划5、有弱电工程项目相关经验6、具有良好的团队合作精神和沟通协调能力
355,产品经理（电子类）,经验1-3年,本科及以上,未融资,炉石,"移动互联网,硬件",上海,8k-15k,5807242,"13薪,五险一金,每年两次调薪,定期旅游",松江区,"音乐,电子/半导体/集成电路,产品策划,项目管理,智能硬件",任职要求：  1，全日制本科以上学历，电子类或工业设计类专业优先。                                      2，热爱电子数码产品，尤其是对音视频产品有大量测试使用体验者优先。      3，熟悉智能硬件从无到有的完整过程，对产品ID、模具、结构、电控、软件等相关技术有一定了解。       4，有成熟的产品管理能力，包括产品规划、产品定义、版本管理等。       5，优秀的沟通能力、规划能力、组织及协调能力和良好的逻辑分析能力，同时具有较强的文档写作能力。 6，追求高标准，抗压力强。有责任心。  岗位职责：1，新产品需求规划——负责音视频产品的规划，进行详细的市场产品调研和分析，输出产品定位报告。2，新产品规格设计——负责产品的详细规格设计，输出产品规格书。协同ID设计、结构设计、电子功能设计等部门，研讨规格可行性。站在用户需求角度决策产品的功能规格。 3，开发推进——协同硬件项目同事、供应商等完成产品开发过程中各个节点的开发推进。4，质量把控——参与相关产品的开发测试，监督产品质量。5，产品改进——与研发、运维、测试等部门合作，收集反馈问题和需求，并通过产品的手段解决问题，推动既有产品的优化和迭代。6，对外沟通——负责产品从需求规划到交付过程中的产品问题对接。福利待遇：13薪，五险一金，带薪年假，年度旅游和体检，每日零食水果，每年一次调薪机会。
357,互联网产品经理,经验3-5年,本科及以上,B轮,还呗-智能信贷领先者,"移动互联网,金融",上海,15k-18k,2734159,"移动金融,未来金矿,精英团队,助力成长",浦东新区,产品策划,数禾科技，上市公司分众传媒（股票代码002027）旗下互联网金融子公司，团队成员来自于招商银行、中国银联、大众点评、群硕科技等知名金融互联网企业。公司致力于成为中国最有影响力的个人/家庭财务管理的科技金融企业，现已面市APP产品包括：还呗－低息代还信用卡，千万用户之选拿铁智投－优质基金理财，智能投资顾问用户量正处于快速增长趋势，详询我司官网或分众传媒旗下楼宇/框架/电影院等广告展示，也可关注微信公众号(huanbei_loan、lattebank)、官网()岗位描述： 1. 用户研究与产品规划：通过访谈与市场调研，洞悉用户的理财与贷款需求，并基于对用户的需求，完成产品功能规划、原型设计、PRD撰写等。 2. 产品优化：对用户数据进行分析，找到产品的可优化点，并规划产品的优化迭代。任职要求： 1. 全日制本科及以上学历，计算机、软件工程等专业优先； 2. 2年以上互联网行业或金融行业产品经验； 3. 有较强的需求分析能力、数据分析能力和产品创新能力，良好产品文档PRD撰写能力；4. 熟悉掌握以下技能：需求撰写、项目管理、用户数据分析
365,产品经理,经验5-10年,本科及以上,B轮,联盟智能社区,"企业服务,人工智能",上海,20k-40k,5591367,"薪酬福利好,工作环境轻松,不加班",黄浦区,"本地生活,移动互联网,产品设计,移动产品/APP,需求分析,智能硬件",职位描述：1、完成市场分析和竞品调研的工作，以及部分用户访谈，数据分析的工作；站在用户角度，关注产品细节，深入了解分析需求，给出产品规划，产品路线；2、整理和分析用户需求和反馈，完成产品原型设计与持续优化产品结构和用户体验，保证产品正常运作。3、与研发部门协同配合，完成产品的整体研究、策划、设计和完善；任职要求：1、五年以上工作经验，有物联网、人工智能、移动互联网相关经验优先。2、统招本科3、熟练运用基本的软件Axure、visio等进行产品原型设计、思维导图、流程图的绘制；4、知名互联网公司优先。
375,高级产品经理/总监,经验5-10年,本科及以上,C轮,商汤科技,移动互联网,上海,25k-35k,5754379,"多元化的工作体验,良好的团队氛围",徐汇区,"房产服务,云计算",工作职责:1、负责某应用类软件产品的立项、设计、开发及市场推广；2、主导目标市场分析、根据用户痛点和行业趋势确定业务切入点及产品设计方向；3、利用（人工智能等）创新技术设计创新应用场景，通过创新产品引领未来目标市场； 4、组织和引导开发团队进行产品开发，带领团队完成软硬件测试直至交付产品给最终用户（测试市场），上市后根据测试市场反馈制定产品迭代方案并跟踪其实施；5、负责产品开发的全生命周期管理，包括产品规划、需求调研、各类文档编写（如MRD、PRD）、开发团队管理、开发预算管理、产品推广和升级迭代。任职资格:1、工作6年以上（12年以下），曾主导过两个以上的软件产品设计、开发及推广全过程（目标用户是小B或C类用户），有过创新领域（如基于人工智能技术）的云+端产品设计经验者优先；2、曾在知名互联网公司或外企任职产品经理2年以上；3、本科毕业于211及以上院校，计算机软件、工业设计、市场营销以及人工智能相关专业优先；4、对新技术有热情、愿意接受挑战、有创新意识和产品落地能力；5、思维活跃、思路清晰、有较好的学习能力和市场判断力；6、熟悉展览、旅游娱乐、地产楼宇、酒店办公等行业者优先；7、在以往的教育和工作历史中有证明其突出业绩的记录。满足以下条件优先：1、有AI项目行业背景优先；2、英文流利;3、有地产行业背景优先。
400,硬件产品经理,经验1-3年,本科及以上,未融资,炉石,"移动互联网,硬件",上海,8k-15k,5807176,"13薪,五险一金,每年两次调薪,定期旅游",松江区,"电子/半导体/集成电路,音乐,产品设计,项目管理,智能硬件",任职要求：                                                                  1，全日制本科以上学历，电子类或工业设计类专业优先。                                      2，热爱电子数码产品，尤其是对音视频产品有大量测试使用体验者优先。      3，熟悉智能硬件从无到有的完整过程，对产品ID、模具、结构、电控、软件等相关技术有一定了解。       4，有成熟的产品管理能力，包括产品规划、产品定义、版本管理等。       5，优秀的沟通能力、规划能力、组织及协调能力和良好的逻辑分析能力，同时具有较强的文档写作能力。 6，追求高标准，抗压力强。有责任心。  岗位职责：1，新产品需求规划——负责音视频产品的规划，进行详细的市场产品调研和分析，输出产品定位报告。2，新产品规格设计——负责产品的详细规格设计，输出产品规格书。协同ID设计、结构设计、电子功能设计等部门，研讨规格可行性。站在用户需求角度决策产品的功能规格。 3，开发推进——协同硬件项目同事、供应商等完成产品开发过程中各个节点的开发推进。4，质量把控——参与相关产品的开发测试，监督产品质量。5，产品改进——与研发、运维、测试等部门合作，收集反馈问题和需求，并通过产品的手段解决问题，推动既有产品的优化和迭代。6，对外沟通——负责产品从需求规划到交付过程中的产品问题对接。福利待遇：13薪，五险一金，带薪年假，年度旅游和体检，每日零食水果，每年一次调薪机会。
409,人工智能产品经理,经验5-10年,本科及以上,天使轮,Xmov,"移动互联网,数据服务",上海,20k-30k,4498005,"明星团队,顶级科学家,顶级风投,期权丰厚",徐汇区,"产品设计,用户研究,需求分析",职责描述：1．负责行业需求调研和分析，包括但不限于零售，餐饮，教育，安防，工业，定位公司相关的人工智能技术在各个行业中的场景落地和应用；2．负责根据行业洞察和需求分析，以及对公司技术的了解，制定公司的产品定位、roadmap发展规划；3．负责撰写和审核产品设计、需求文档，绘制产品模型并且持续优化、改进产品；4．负责领导和推动产品目标的实现，跟踪进度并组织协调设计、开发、测试、发布等团队，确保产品上线的时间、质量。5．负责产品跟踪以及生命周期管理，以便对产品进行持续性改进和优化。 任职要求：1. 3-6年产品经理相关工作经历，对AI行业有热情，热衷尝试各种产品，对市场有敏锐的洞察力和独到认识；2. 具备良好的需求分析能力、目标拆分能力、沟通协调能力；3. 结果导向、责任感强、抗压能力强、思维严谨、关注细节；4. 本科及以上学历， 电子、计算机相关专业背景优先。加分项：1．对零售，特别是服装零售行业有深入理解；2．有过创业公司从0到1的经验。
412,产品经理,经验3-5年,本科及以上,上市公司,圆通,"企业服务,数据服务",上海,12k-24k,3881326,"上市公司,大牛团队,工作氛围融洽",青浦区,"物流,产品设计",圆通信息科技（西安）有限公司，隶属于圆通速递有限公司，是圆通速递旗下重要的子公司之一；主要致力于对接、打造智慧快递平台升级建设、妈妈商贸新零售平台、智能移动客户端建设、智能数据中心建设、智慧物流信息一体化平合整合；互联网信息技术的快递平台是圆通科技的定位，信息化“云网”建设是圆通科技发展的重中之重，更是引领圆通集团未来发展的关键。圆通信息科技公司在总部和全国范围内拥有500多名信息技术人员，我们的目标是，以信息化领先为核心价值观，用信息化提高生产力，信息化引领圆通未来。我们需要你：1、负责企业内部办公的各个系统（如OA、CRM、EHR、SCM等）进行产品规划与实施：收集需求市场分析、功能设计、原型设计，产品上线、交付与监控、产品优化等工作；2、能够把握公司的品牌定位，公司产品的设计风格，根据市场需求变化合理对企业官网进行产品规划、原型设计等；3、开发与协调项目推进。跨部门协调和沟通，协调业务、设计、技术团队理解和掌握需求，跟进产品开发全过程，推动团队紧密合作达成产品目标，落实协同办公系统的应用；4、与各相关部门保持良好沟通，长期开展用户调研为各部门提供必要的产品培训；5、收集产品需求并对用户及业务需求进行调研分析，不断优化迭代、提升产品质量；理想的候选人：1、计算机等相关专业，本科及以上学历，三年以上的产品经理经验，具有办公系统产品经验优先；2、掌握产品需求分析、需求分析、开发流程，出色的PRD撰写能力，对办公类相关产品有充分认识和理解；3、熟悉使用Visio、Axure及Mindmanager等产品工具，精通office系列办公软件；4、良好的沟通、协调能力以及团队合作精神，工作积极主动，有创新精神； - 优厚的薪酬待遇；- 公司免费提供午餐和晚餐及休闲娱乐设施；- 独立的健身房和电影院，工作生活两不误；- 每年两次晋升机会； - 开放办公环境，再牛的大佬都坐在你周围；- 迅速提升的学习机会和职业发展路径；- 丰富的人脉资源，直接和各行业顶尖大牛交流合作的机会；- 各路全能的BOSS和优秀的同事 理想的应聘者：除了专业能力外，有责任感、乐观、自信；愿意团队合作；具有不断学习的能力。
415,产品经理,经验3-5年,本科及以上,B轮,特赞|Tezign,移动互联网,上海,20k-40k,1382235,上班不打卡、扁平化管理、全员持股计划,徐汇区,,"非常希望您有兴趣了解下我们，特赞|Tezign 【什么是特赞】特赞 Tezign 是全球领先品牌使用的设计、创意、营销、体验供给平台和数据智能解决方案。目前已经服务了超过8000家大型企业和社会组织，包括：联合利华、阿里巴巴、星巴克、腾讯、平安集团、蚂蚁金服、雀巢、霍尼韦尔、优酷、Vivo 和奥迪等。特赞在2016年完成由红杉资本中国基金领投的A轮融资。2018年3月，特赞完成由赫斯特资本领投的近千万美金 B 轮融资。特赞平台上目前已经积累了来自17个国家的30,000+创意人才，他们来自平面设计、UIUX设计、插画、动画、社会化营销等各个领域。通过BBC、福布斯等全球知名媒体，特赞获得了巨大的媒体曝光。特赞创始人范凌是世界经济论坛全球青年领袖，两位联合创始人过晓茜、王喆也是世界经济论坛全球杰出青年。 【特赞的团队】特赞是一个具有创意基因的互联网技术团队，由来自于人工智能、人机交互、大数据、SaaS软件服务化、创意管理、广告媒体等跨学科背景的成员组成，毕业于哈佛大学、普林斯顿大学、哥伦比亚大学、复旦大学、浙江大学等国内外知名学府，曾就职于Facebook、阿里巴巴、新浪、盛大、豆瓣、奥美、isobar等著名公司。【职位描述】能够独立的梳理产品用户需求分析，根据需求给出产品方案；能够设计产品的交互界面及流程原型，撰写产品需求文档；擅长推进产品开发项目，保证产品按计划开发及发布，项目跟进，沟通协调；能够跟踪产品的运营数据，并根据数据改进产品；跟踪、整理产品的用户反馈，和用户直接交流，根据用户反馈理解用户的真实需求并改进【职位要求】本科及以上学历，知名学校优先；至少3年以上互联网产品设计工作经验，熟悉产品设计和开发基本流程，有marketplace产品工作经验优先，有知名互联网公司经验优先；富有团队合作精神，善于与人沟通，思路灵活，能及时响应和处理产品或用户反馈的问题；有较强的产品文档撰写能力，熟练使用Axure、Omnigraffle、Sketch、Mindmanage等软件；独立创新能力强，优秀的逻辑思维，注重细节，执行力强；对设计创意感兴趣，对设计师，自由职业工作方式感兴趣，做过自由职业优先我们关注人才，善待人才，- 优厚的薪酬待遇；- 全员持股，长期激励；- 各类饮料、水果、零食及休闲娱乐设施；- 每年一次的旅游度假度游，工作生活两不误；- 长达十天的带薪病假；- 优秀员工每年调薪机会- 顶尖互联网公司的工作氛围和人际关系；- 开放办公环境，再牛的大佬都坐在你周围；- 迅速提升的学习机会和职业发展路径；- 丰富的人脉资源，直接和各行业顶尖大牛交流合作的机会；- 各路全能的BOSS和最优秀的同事"
420,产品经理/人工智能领域,经验1-3年,本科及以上,C轮,悠络客,移动互联网,上海,20k-25k,5432508,团队氛围活泼 福利多多 核心团队,徐汇区,"需求分析,产品策划,用户研究,数据分析",1、执行公司整体产品规划的落地，能够独立进行市场调研、用户调研、需求管理及分析；2、负责的产品规划、产品功能设计、功能迭代项目的总体跟进以及产品的持续完善和改进；3、了解用户需求，分析竞争对手和市场动态，设计和改进产品，提升用户满意度，优化用户体验；4、与设计和开发测试团队沟通协作，配合项目经理执行产品的开发计划；5、协助运营和市场部门整理和分析产品运营数据，为产品发展和运营提供决策依据；6、跟踪、整理产品的用户反馈，和用户交流，根据用户反馈改进产品；7、制定所负责产品的产品需求档案（prd)，供设计、开发、测试人员明确产品需求。任职要求：1、2年以上的互联网产品设计经验，有成功策划和运营一款互联网产品的经历；2、有的产品设计经验，熟悉互联网产品的实现过程，包括从需求分析到产品发布上线；3、熟悉互联网产品管理、研发及运行模式，对互联网行业、线上和线下连锁门店行业有独到的见解和认识；4、逻辑性强，擅长数据分析和需求调研，较强的创新能力、沟通能力，以结果为导向，有团队合作精神，良好的抗压能力；
422,智能催收产品经理-上海-00766,经验3-5年,本科及以上,C轮,同盾科技,"信息安全,数据服务",上海,20k-40k,4606685,"年底多薪,双休,加班补贴,商业保险",徐汇区,产品设计,岗位职责1、研究智能催收产品发展方向，参与制定产品发展策略；2、挖掘和把握客户对催收业务方面的需求，并提出解决相应痛点的解决方案；3、负责产品的规划和设计，设计包括功能定位、框架设计和交互设计；4、协同研发团队，推动保证产品的研发上线和优化迭代，并确保产品的研发整体进度；5、对日常数据进行跟踪和研究，定期分析运营效果，掌握运行状况，从商业、客户等角度，寻找产品的痛点和机遇，并持续优化产品，提升用户体验；6、领导交代的其他工作。任职条件1、全日制本科及以上学历，三年以上互联网产品设计及产品管理相关经验；2、具有催收系统设计和催收行业相关经验优先考虑；3、强大的需求设计、捕获、分析与管理能力，能输出高质量的业务需求及系统需求文档，并精通产品原型设计工具，如Axure、Visio；4、有项目管理相关经验以及良好的逻辑表达和抗压能力；5、热爱互联网，关注互联网的新事物和用户行为变化，具有敏锐的市场意识、良好的运营思维和创新意识；6、优秀的定量分析能力和严密的逻辑思维；出色的语言、沟通、组织和协调能力。7、 具有良好的沟通协调能力，拥有强烈的责任心和团队合作精神。
429,人工智能产品经理,经验3-5年,本科及以上,B轮,竹间智能科技(上海)有限公司,"移动互联网,其他",上海,20k-40k,4999730,"高效团队,发展前景大,带薪年假",徐汇区,"产品设计,产品策划,需求分析,项目管理",职位描述：   1.贯彻执行2B产品体系规划和发展路线；   2.对接语音、图像、语义等核心技术、开发、测试、市场应用等各个环节，推动多个产品的功能完善、性能改进；   3.保证产品成功应用于市场并不断收集用户反馈从而形成闭环；   4.分析数据，编写产品需求设计和策划文档，管理产品的版本和功能点；   5.对市场营销提供培训和文档支持。     任职资格：   1.学历要求：   -毕业于211或同等院校，理工科背景，本科及以上学历。   2.工作经验：   -3年以上相关工作经验， 有很好的产品分析、总结归纳能力，熟悉产品运营或产品设计；   -熟悉 toB 业务模式并有较深刻的理解；   -对用户的体验度模型善于总结和归纳，有很强的感性认知能力和理性分析能力；   -能够跟踪市场同类产品的发展动向，提出产品功能和性能设计要求；   -有一定的技术背景 ；   -必须担任过一款实际落地产品的产品经理   3.能力要求：   -出色的表达、沟通、问题分析、随机应变等综合能力，文档写作和产品原型表现能力；   -想象力丰富，有创意、有激情，良好的沟通能力和团队合作精神；   -优秀的协调、谈判能力，具有高度的工作热情和责任感；   -性格开朗，主动性强；   -良好的沟通协调能力和团队合作意识，能够主动总结和分享自己的知识和经验   - 执行力强   4.优先考虑：   -有智能语音交互、语义理解、智能图像识别、智能终端交互等类似产品设计、策划经验者；具有项目管理资质者；有程序开发经验，了解软件测试者优先。   -具备机器学习、数学建模或模型应用的相关专业背景或工作经验优先   -具备机器学习垂直应用领域的产品设计、开发、策略经验者优先
